Image URL,Developer,Logo URL
https://api.omh.app/store/picture/2cd4ea3c-73f3-40ab-bef9-a5167c718093,State Properties Corporation,https://api.omh.app/store/picture/db0aa5ac-67c5-4ce1-87b0-ea8680738783
https://api.omh.app/store/picture/9d62b678-ff95-4a70-9f9b-259e1d61303d,State Properties Corporation,https://api.omh.app/store/picture/db0aa5ac-67c5-4ce1-87b0-ea8680738783
https://api.omh.app/store/picture/90a97cfe-6cb4-41cc-be53-e5318239e4a3,State Properties Corporation,https://api.omh.app/store/picture/db0aa5ac-67c5-4ce1-87b0-ea8680738783
https://api.omh.app/store/picture/e929c64a-391b-4d30-878d-9b62c33d4536,State Properties Corporation,https://api.omh.app/store/picture/db0aa5ac-67c5-4ce1-87b0-ea8680738783
https://api.omh.app/store/picture/7fa2242a-02bb-48b2-9ec3-2ba75c85ad33,State Properties Corporation,https://api.omh.app/store/picture/db0aa5ac-67c5-4ce1-87b0-ea8680738783
https://api.omh.app/store/picture/bfec52e7-ed1d-4d6b-8aef-685de06bcf6b,State Properties Corporation,https://api.omh.app/store/picture/db0aa5ac-67c5-4ce1-87b0-ea8680738783
https://api.omh.app/store/picture/4fe29d8b-3239-4021-ba05-78aa55221835,State Properties Corporation,https://api.omh.app/store/picture/db0aa5ac-67c5-4ce1-87b0-ea8680738783
https://api.omh.app/store/picture/8724be09-bd74-4998-bf6e-8d4dcc8bd338,State Properties Corporation,https://api.omh.app/store/picture/db0aa5ac-67c5-4ce1-87b0-ea8680738783
https://api.omh.app/store/picture/f4cbf625-5d65-4038-9641-5bcc5cb86924,State Properties Corporation,https://api.omh.app/store/picture/db0aa5ac-67c5-4ce1-87b0-ea8680738783
https://api.omh.app/store/picture/bef4928a-b62d-4e6f-9963-24107179731f,State Properties Corporation,https://api.omh.app/store/picture/db0aa5ac-67c5-4ce1-87b0-ea8680738783
https://api.omh.app/store/picture/a43cb1cf-d246-4760-a452-1d789b0d8962,State Properties Corporation,https://api.omh.app/store/picture/db0aa5ac-67c5-4ce1-87b0-ea8680738783
https://api.omh.app/store/picture/0a028a9f-aea1-4e4e-81ea-9a3f427caf35,State Properties Corporation,https://api.omh.app/store/picture/db0aa5ac-67c5-4ce1-87b0-ea8680738783
https://api.omh.app/store/picture/143fa19c-161c-45be-81cd-8b384ba2c3d4,State Properties Corporation,https://api.omh.app/store/picture/db0aa5ac-67c5-4ce1-87b0-ea8680738783
https://api.omh.app/store/picture/43d44612-54e9-4720-b76f-3dd7b9e142da,State Properties Corporation,https://api.omh.app/store/picture/db0aa5ac-67c5-4ce1-87b0-ea8680738783
https://api.omh.app/store/picture/f5b792bd-1dd4-479a-8fa0-ff60ad2f7f2b,State Properties Corporation,https://api.omh.app/store/picture/db0aa5ac-67c5-4ce1-87b0-ea8680738783
https://api.omh.app/store/picture/e759077d-a456-4c3c-bc0b-36953eecaa44,Pacifica Homes Development Corporation,https://api.omh.app/store/picture/2119fbc9-edaf-4b5f-a96b-6e04e2b51507
https://api.omh.app/store/picture/4e26228e-5882-454c-96d6-bda4faa2eac6,Pacifica Homes Development Corporation,https://api.omh.app/store/picture/2119fbc9-edaf-4b5f-a96b-6e04e2b51507
https://api.omh.app/store/picture/6eb88df9-6f9c-45cc-aff3-aab7e16c8407,Pacifica Homes Development Corporation,https://api.omh.app/store/picture/2119fbc9-edaf-4b5f-a96b-6e04e2b51507
https://api.omh.app/store/picture/f1a8c435-ae11-49d3-bf99-6c5412466625,Pacifica Homes Development Corporation,https://api.omh.app/store/picture/2119fbc9-edaf-4b5f-a96b-6e04e2b51507
https://api.omh.app/store/picture/770c6229-e7a9-4ac4-a168-b6de01269dfb,Pacifica Homes Development Corporation,https://api.omh.app/store/picture/2119fbc9-edaf-4b5f-a96b-6e04e2b51507
https://api.omh.app/store/picture/03a02cb5-1c40-4ccf-ac1c-3045639b3b9c,Pacifica Homes Development Corporation,https://api.omh.app/store/picture/2119fbc9-edaf-4b5f-a96b-6e04e2b51507
https://api.omh.app/store/picture/1ced4d11-42fb-4824-855e-686ffef8c3fa,Pacifica Homes Development Corporation,https://api.omh.app/store/picture/2119fbc9-edaf-4b5f-a96b-6e04e2b51507
https://api.omh.app/store/picture/3a292dc4-2c7c-40fb-b19a-4ef4bd0b59ed,Pacifica Homes Development Corporation,https://api.omh.app/store/picture/2119fbc9-edaf-4b5f-a96b-6e04e2b51507
https://api.omh.app/store/picture/6784c8db-2186-4f88-b6bb-80a8af74a82e,Pacifica Homes Development Corporation,https://api.omh.app/store/picture/2119fbc9-edaf-4b5f-a96b-6e04e2b51507
https://api.omh.app/store/picture/4e16c37f-db38-448b-91fa-c0daa2db1df2,Pacifica Homes Development Corporation,https://api.omh.app/store/picture/2119fbc9-edaf-4b5f-a96b-6e04e2b51507
https://api.omh.app/store/picture/5eacb907-4122-4e7e-aab7-9517816e981f,Pacifica Homes Development Corporation,https://api.omh.app/store/picture/2119fbc9-edaf-4b5f-a96b-6e04e2b51507
https://api.omh.app/store/picture/12f14361-e275-48ec-82f6-88fe03433ed5,Pacifica Homes Development Corporation,https://api.omh.app/store/picture/2119fbc9-edaf-4b5f-a96b-6e04e2b51507
https://api.omh.app/store/picture/5fbc7721-fbcd-44d1-82cb-8aa388d767b7,Pacifica Homes Development Corporation,https://api.omh.app/store/picture/2119fbc9-edaf-4b5f-a96b-6e04e2b51507
https://api.omh.app/store/picture/5a028bd1-acf2-4722-8069-bc7ac9353d24,Pacifica Homes Development Corporation,https://api.omh.app/store/picture/2119fbc9-edaf-4b5f-a96b-6e04e2b51507
https://api.omh.app/store/picture/3470f627-9fed-4cd7-a008-4d93796db57a,Pacifica Homes Development Corporation,https://api.omh.app/store/picture/2119fbc9-edaf-4b5f-a96b-6e04e2b51507
https://api.omh.app/store/picture/c1ca162b-1a74-4f15-a833-cdfd2e50093c,Pacifica Homes Development Corporation,https://api.omh.app/store/picture/2119fbc9-edaf-4b5f-a96b-6e04e2b51507
https://api.omh.app/store/picture/211c67d8-596a-41da-9cb1-f3711c01875e,Breightonland,https://api.omh.app/store/picture/7b76b1e0-2532-4f37-9d0b-49cf4ce3e426
https://api.omh.app/store/picture/cbda9830-f096-443b-b127-3c26b38ed1b5,Breightonland,https://api.omh.app/store/picture/7b76b1e0-2532-4f37-9d0b-49cf4ce3e426
https://api.omh.app/store/picture/e36e681e-de9f-448d-bbc9-38ddb974c9f1,Breightonland,https://api.omh.app/store/picture/7b76b1e0-2532-4f37-9d0b-49cf4ce3e426
https://api.omh.app/store/picture/9005defd-2312-4ce5-bb28-54b187770eb1,Breightonland,https://api.omh.app/store/picture/7b76b1e0-2532-4f37-9d0b-49cf4ce3e426
https://api.omh.app/store/picture/9ae0c5cb-6e22-4479-b623-4f8c89fa1fcc,Breightonland,https://api.omh.app/store/picture/7b76b1e0-2532-4f37-9d0b-49cf4ce3e426
https://api.omh.app/store/picture/51761283-6446-4fab-bb91-63a67de280dc,Breightonland,https://api.omh.app/store/picture/7b76b1e0-2532-4f37-9d0b-49cf4ce3e426
https://api.omh.app/store/picture/3b7303bd-654b-414d-a2da-b2e74b6d22bf,Breightonland,https://api.omh.app/store/picture/7b76b1e0-2532-4f37-9d0b-49cf4ce3e426
https://api.omh.app/store/picture/560fd653-bc20-4d62-8ea5-8694c0d0d0ce,Breightonland,https://api.omh.app/store/picture/7b76b1e0-2532-4f37-9d0b-49cf4ce3e426
https://api.omh.app/store/picture/15e44a64-f1b5-4653-ab3c-af5409aab580,Breightonland,https://api.omh.app/store/picture/7b76b1e0-2532-4f37-9d0b-49cf4ce3e426
https://api.omh.app/store/picture/b41d716d-f130-4da1-89f6-3f1b752d3542,Breightonland,https://api.omh.app/store/picture/7b76b1e0-2532-4f37-9d0b-49cf4ce3e426
https://api.omh.app/store/picture/f2190d7b-53b8-446a-a789-ed926f4df4b4,Breightonland,https://api.omh.app/store/picture/7b76b1e0-2532-4f37-9d0b-49cf4ce3e426
https://api.omh.app/store/picture/4557195c-e315-48ff-bd9d-362dd9063489,Breightonland,https://api.omh.app/store/picture/7b76b1e0-2532-4f37-9d0b-49cf4ce3e426
https://api.omh.app/store/picture/f960b194-66dd-4dc1-9664-7ee9926bb565,Breightonland,https://api.omh.app/store/picture/7b76b1e0-2532-4f37-9d0b-49cf4ce3e426
https://api.omh.app/store/picture/681dbc36-1974-4378-baad-5adf03afd8dd,Breightonland,https://api.omh.app/store/picture/7b76b1e0-2532-4f37-9d0b-49cf4ce3e426
https://api.omh.app/store/picture/47b92971-864b-4f11-b770-f961e0e8d2e5,Breightonland,https://api.omh.app/store/picture/7b76b1e0-2532-4f37-9d0b-49cf4ce3e426
https://api.omh.app/store/picture/0c7b5a46-1651-4d41-bd90-d4c4e35caef5,Breightonland,https://api.omh.app/store/picture/7b76b1e0-2532-4f37-9d0b-49cf4ce3e426
https://api.omh.app/store/picture/4bd505b0-6305-43f5-a5c2-791bb052f85f,Breightonland,https://api.omh.app/store/picture/7b76b1e0-2532-4f37-9d0b-49cf4ce3e426
https://api.omh.app/store/picture/047a1267-2044-4cf9-8e9a-76c0d1d2dc95,Breightonland,https://api.omh.app/store/picture/7b76b1e0-2532-4f37-9d0b-49cf4ce3e426
https://api.omh.app/store/picture/07e991d9-751d-4f1f-a311-587819356f66,Breightonland,https://api.omh.app/store/picture/7b76b1e0-2532-4f37-9d0b-49cf4ce3e426
https://api.omh.app/store/picture/bf41ad92-9774-4d78-bc15-e1b6e8271a2c,Breightonland,https://api.omh.app/store/picture/7b76b1e0-2532-4f37-9d0b-49cf4ce3e426
https://api.omh.app/store/picture/868d8912-4400-43f7-8acb-55005e44c7d0,Breightonland,https://api.omh.app/store/picture/7b76b1e0-2532-4f37-9d0b-49cf4ce3e426
https://api.omh.app/store/picture/9dedbfcb-d256-49bd-ae02-e58d0d5a1e01,Breightonland,https://api.omh.app/store/picture/7b76b1e0-2532-4f37-9d0b-49cf4ce3e426
https://api.omh.app/store/picture/857ea4e4-5096-45ad-b716-ff48c54367c9,Breightonland,https://api.omh.app/store/picture/7b76b1e0-2532-4f37-9d0b-49cf4ce3e426
https://api.omh.app/store/picture/ab08dddf-302b-4037-9ce8-b1e6af0d25cb,Breightonland,https://api.omh.app/store/picture/7b76b1e0-2532-4f37-9d0b-49cf4ce3e426
https://api.omh.app/store/picture/2b3afbf2-c1c4-472f-a02d-f5b5b98f402f,Breightonland,https://api.omh.app/store/picture/7b76b1e0-2532-4f37-9d0b-49cf4ce3e426
https://api.omh.app/store/picture/327981ce-032e-4656-a651-cec1d6eae854,Breightonland,https://api.omh.app/store/picture/7b76b1e0-2532-4f37-9d0b-49cf4ce3e426
https://api.omh.app/store/picture/cba7f199-d587-4e28-8f0a-60044b105688,Breightonland,https://api.omh.app/store/picture/7b76b1e0-2532-4f37-9d0b-49cf4ce3e426
https://api.omh.app/store/picture/5ee5501a-6a35-4276-a103-b358d20fc3a9,Breightonland,https://api.omh.app/store/picture/7b76b1e0-2532-4f37-9d0b-49cf4ce3e426
https://api.omh.app/store/picture/ab45f6b4-70bf-4066-bfe7-ef261e306078,Breightonland,https://api.omh.app/store/picture/7b76b1e0-2532-4f37-9d0b-49cf4ce3e426
https://api.omh.app/store/picture/d8898fa0-da61-4834-b25a-6f9c7e84d031,Breightonland,https://api.omh.app/store/picture/7b76b1e0-2532-4f37-9d0b-49cf4ce3e426
https://api.omh.app/store/picture/3e646596-47f5-4ea6-949a-a0ad6463dcbe,Breightonland,https://api.omh.app/store/picture/7b76b1e0-2532-4f37-9d0b-49cf4ce3e426
https://api.omh.app/store/picture/5f2e0500-9a78-4cf0-a2bf-20b2984c7437,Transphil Real Estate Development Corp,https://api.omh.app/store/picture/3c767328-2860-44f1-9e06-84c2b90db759
https://api.omh.app/store/picture/51e23415-f6b9-4d2a-9b55-348a84b1ae54,Transphil Real Estate Development Corp,https://api.omh.app/store/picture/3c767328-2860-44f1-9e06-84c2b90db759
https://api.omh.app/store/picture/9335ac44-b7f1-4be6-b060-7096fa8f5c57,Transphil Real Estate Development Corp,https://api.omh.app/store/picture/3c767328-2860-44f1-9e06-84c2b90db759
https://api.omh.app/store/picture/23cc5af5-3433-4456-baf1-05512502d080,Transphil Real Estate Development Corp,https://api.omh.app/store/picture/3c767328-2860-44f1-9e06-84c2b90db759
https://api.omh.app/store/picture/2762fd7c-f8a0-441c-b9b5-6d63cc1c12d7,Transphil Real Estate Development Corp,https://api.omh.app/store/picture/3c767328-2860-44f1-9e06-84c2b90db759
https://api.omh.app/store/picture/e06b8fa1-7456-44f7-b3bb-23f4a4bbcf8b,Transphil Real Estate Development Corp,https://api.omh.app/store/picture/3c767328-2860-44f1-9e06-84c2b90db759
https://api.omh.app/store/picture/80ac5f71-a874-4bd4-9731-03db1aba2497,Transphil Real Estate Development Corp,https://api.omh.app/store/picture/3c767328-2860-44f1-9e06-84c2b90db759
https://api.omh.app/store/picture/ae5bbb9b-a98b-4436-9841-f63a47e1f1d9,Apec Homes,https://api.omh.app/store/picture/3d6b3e99-3ceb-4f9b-bb97-aab0d09e028d
https://api.omh.app/store/picture/eee00568-c37c-47e1-8ae6-aa606c188ea7,Apec Homes,https://api.omh.app/store/picture/3d6b3e99-3ceb-4f9b-bb97-aab0d09e028d
https://api.omh.app/store/picture/89ac4fa2-1931-4b4f-bad8-a28b3525024e,Apec Homes,https://api.omh.app/store/picture/3d6b3e99-3ceb-4f9b-bb97-aab0d09e028d
https://api.omh.app/store/picture/629db31b-e537-4401-9ac4-47d08a04d969,Apec Homes,https://api.omh.app/store/picture/3d6b3e99-3ceb-4f9b-bb97-aab0d09e028d
https://api.omh.app/store/picture/f320dc84-cc23-4223-bc5f-2e3cb4aaaac7,Apec Homes,https://api.omh.app/store/picture/3d6b3e99-3ceb-4f9b-bb97-aab0d09e028d
https://api.omh.app/store/picture/1e42ec81-fb00-4886-938f-1d4debaebfda,Apec Homes,https://api.omh.app/store/picture/3d6b3e99-3ceb-4f9b-bb97-aab0d09e028d
https://api.omh.app/store/picture/936268ac-2d97-4c34-be74-72886591e1c4,Apec Homes,https://api.omh.app/store/picture/3d6b3e99-3ceb-4f9b-bb97-aab0d09e028d
https://api.omh.app/store/picture/d546f23f-f74a-4ac4-8301-e411dbc9e2ed,Apec Homes,https://api.omh.app/store/picture/3d6b3e99-3ceb-4f9b-bb97-aab0d09e028d
https://api.omh.app/store/picture/762fcd15-cc92-4dc3-a1f4-448d4ea381d6,Apec Homes,https://api.omh.app/store/picture/3d6b3e99-3ceb-4f9b-bb97-aab0d09e028d
https://api.omh.app/store/picture/a452ace2-776b-465f-a006-dd3268472b26,Apec Homes,https://api.omh.app/store/picture/3d6b3e99-3ceb-4f9b-bb97-aab0d09e028d
https://api.omh.app/store/picture/56c9bf19-5495-4f4f-988b-e0e3dd88374a,Elanvital Enclaves,https://api.omh.app/store/picture/e82d2a99-6eba-4fcf-b04f-c2d84038d0d0
https://api.omh.app/store/picture/636e61c9-9cf5-47a0-9188-36e46c9e8b40,Elanvital Enclaves,https://api.omh.app/store/picture/e82d2a99-6eba-4fcf-b04f-c2d84038d0d0
https://api.omh.app/store/picture/2a54c9a5-f7f9-42d7-981a-898462c14ec5,Elanvital Enclaves,https://api.omh.app/store/picture/e82d2a99-6eba-4fcf-b04f-c2d84038d0d0
https://api.omh.app/store/picture/46e1401d-7006-49f1-9ca4-a255d4fd60fb,Norheast Land Development Inc.,https://api.omh.app/store/picture/f190c47c-b83b-4a1e-9c6f-e9a5fef7082d
https://api.omh.app/store/picture/ef413099-df63-441b-aeb7-774c3a3d8e7e,Norheast Land Development Inc.,https://api.omh.app/store/picture/f190c47c-b83b-4a1e-9c6f-e9a5fef7082d
https://api.omh.app/store/picture/2ab0d538-578f-4ee7-95a3-2afbb8df4a6f,Norheast Land Development Inc.,https://api.omh.app/store/picture/f190c47c-b83b-4a1e-9c6f-e9a5fef7082d
https://api.omh.app/store/picture/517cf197-82f3-4eb1-bd60-7acd69136af8,Norheast Land Development Inc.,https://api.omh.app/store/picture/f190c47c-b83b-4a1e-9c6f-e9a5fef7082d
https://api.omh.app/store/picture/333b8b38-2960-4e56-9546-7d0da82523c0,Norheast Land Development Inc.,https://api.omh.app/store/picture/f190c47c-b83b-4a1e-9c6f-e9a5fef7082d
https://api.omh.app/store/picture/ee65c9ca-0be6-408b-803e-a50adfbce1c7,Norheast Land Development Inc.,https://api.omh.app/store/picture/f190c47c-b83b-4a1e-9c6f-e9a5fef7082d
https://api.omh.app/store/picture/ea13e8d3-20dd-4a9a-8f90-8af483d67d63,Norheast Land Development Inc.,https://api.omh.app/store/picture/f190c47c-b83b-4a1e-9c6f-e9a5fef7082d
https://api.omh.app/store/picture/57778c1f-a049-4542-a592-211f942ff4fa,Norheast Land Development Inc.,https://api.omh.app/store/picture/f190c47c-b83b-4a1e-9c6f-e9a5fef7082d
https://api.omh.app/store/picture/e7f7d018-0c52-483d-b877-05af7863e6e6,Norheast Land Development Inc.,https://api.omh.app/store/picture/f190c47c-b83b-4a1e-9c6f-e9a5fef7082d
https://api.omh.app/store/picture/c249a211-cdbc-4279-ba3b-6ee6e85ab739,CLS Properties Inc.,https://api.omh.app/store/picture/483a29fe-47eb-43ac-9ff9-30d69e2e1512
https://api.omh.app/store/picture/5ef6829a-9499-44c7-b192-2b86642751db,CLS Properties Inc.,https://api.omh.app/store/picture/483a29fe-47eb-43ac-9ff9-30d69e2e1512
https://api.omh.app/store/picture/9676d423-b8bd-4a0b-b9eb-28c38dfb8754,CLS Properties Inc.,https://api.omh.app/store/picture/483a29fe-47eb-43ac-9ff9-30d69e2e1512
https://api.omh.app/store/picture/6c0af945-a62e-4c83-b9d7-deed8b2b22f9,"Luna-Dolores-Milagro Road,Ormoc,Leyte,6541",https://api.omh.app/store/picture/483a29fe-47eb-43ac-9ff9-30d69e2e1512
https://api.omh.app/store/picture/27fce6bc-103c-4d4b-96a3-fe7dc5781167,"Luna-Dolores-Milagro Road,Ormoc,Leyte,6541",https://api.omh.app/store/picture/483a29fe-47eb-43ac-9ff9-30d69e2e1512
https://api.omh.app/store/picture/3d88f599-20b1-4136-9f31-84c0e16566ea,"Luna-Dolores-Milagro Road,Ormoc,Leyte,6541",https://api.omh.app/store/picture/483a29fe-47eb-43ac-9ff9-30d69e2e1512
https://api.omh.app/store/picture/2578b0ef-e031-4bfc-8abf-bd1e9f5ee539,"Luna-Dolores-Milagro Road,Ormoc,Leyte,6541",https://api.omh.app/store/picture/483a29fe-47eb-43ac-9ff9-30d69e2e1512
https://api.omh.app/store/picture/e659b6eb-67db-465d-a66e-a40738111c11,"Luna-Dolores-Milagro Road,Ormoc,Leyte,6541",https://api.omh.app/store/picture/483a29fe-47eb-43ac-9ff9-30d69e2e1512
https://api.omh.app/store/picture/f66e9e49-7f7b-4ea5-967e-b3522933546e,"Luna-Dolores-Milagro Road,Ormoc,Leyte,6541",https://api.omh.app/store/picture/483a29fe-47eb-43ac-9ff9-30d69e2e1512
https://api.omh.app/store/picture/9ee79c55-c193-4cf7-a8df-17de6178e40f,CLS Properties Inc.,https://api.omh.app/store/picture/483a29fe-47eb-43ac-9ff9-30d69e2e1512
https://api.omh.app/store/picture/6d5580e6-ed95-45b8-abb4-ab286e3b48a8,CLS Properties Inc.,https://api.omh.app/store/picture/483a29fe-47eb-43ac-9ff9-30d69e2e1512
https://api.omh.app/store/picture/eeb97bab-0567-4f12-8fb0-12b3a0d82347,CLS Properties Inc.,https://api.omh.app/store/picture/483a29fe-47eb-43ac-9ff9-30d69e2e1512
https://api.omh.app/store/picture/d7c815d0-6410-462c-8840-2acfed972c08,CLS Properties Inc.,https://api.omh.app/store/picture/483a29fe-47eb-43ac-9ff9-30d69e2e1512
https://api.omh.app/store/picture/cf9ae3f1-7346-43d4-b78a-633795db9bd3,CLS Properties Inc.,https://api.omh.app/store/picture/483a29fe-47eb-43ac-9ff9-30d69e2e1512
https://api.omh.app/store/picture/e5342467-2026-4b5d-b767-701aa7e73e50,CLS Properties Inc.,https://api.omh.app/store/picture/483a29fe-47eb-43ac-9ff9-30d69e2e1512
https://api.omh.app/store/picture/15df012f-8610-438b-9788-84bb17d9f4e5,CLS Properties Inc.,https://api.omh.app/store/picture/483a29fe-47eb-43ac-9ff9-30d69e2e1512
https://api.omh.app/store/picture/715f12e6-d481-4ef2-8870-8956890d76e7,CLS Properties Inc.,https://api.omh.app/store/picture/483a29fe-47eb-43ac-9ff9-30d69e2e1512
https://api.omh.app/store/picture/fd004276-4b8c-4a03-b4d4-7d5d86fa32a4,CLS Properties Inc.,https://api.omh.app/store/picture/483a29fe-47eb-43ac-9ff9-30d69e2e1512
https://api.omh.app/store/picture/6261dc69-bdde-42f5-b93d-75586afa3100,CLS Properties Inc.,https://api.omh.app/store/picture/483a29fe-47eb-43ac-9ff9-30d69e2e1512
https://api.omh.app/store/picture/b0077462-4503-4454-b635-f1afcc6fbaba,CLS Properties Inc.,https://api.omh.app/store/picture/483a29fe-47eb-43ac-9ff9-30d69e2e1512
https://api.omh.app/store/picture/f372aed2-5a18-4a15-914a-fa16c12b74e6,CLS Properties Inc.,https://api.omh.app/store/picture/483a29fe-47eb-43ac-9ff9-30d69e2e1512
https://api.omh.app/store/picture/c5c9b22f-910a-4b24-a703-a94e11644520,CLS Properties Inc.,https://api.omh.app/store/picture/483a29fe-47eb-43ac-9ff9-30d69e2e1512
https://api.omh.app/store/picture/6fdc9f55-1eae-4fa8-8a37-1d8e5dfab463,CLS Properties Inc.,https://api.omh.app/store/picture/483a29fe-47eb-43ac-9ff9-30d69e2e1512
https://api.omh.app/store/picture/955ee6e3-4129-40d3-9e27-04ccb599a500,CLS Properties Inc.,https://api.omh.app/store/picture/483a29fe-47eb-43ac-9ff9-30d69e2e1512
https://api.omh.app/store/picture/e4c98355-32b4-40ef-b67b-8ce36c49083a,"A Brown Company,Inc.",https://api.omh.app/store/picture/c788660f-e94f-4a6c-816a-f8d41b0ad9f8
https://api.omh.app/store/picture/29875869-53ba-4e43-b8ce-92df53a047b6,"A Brown Company,Inc.",https://api.omh.app/store/picture/c788660f-e94f-4a6c-816a-f8d41b0ad9f8
https://api.omh.app/store/picture/c06d25c1-8c2e-4032-aecc-0218fcc247fc,"A Brown Company,Inc.",https://api.omh.app/store/picture/c788660f-e94f-4a6c-816a-f8d41b0ad9f8
https://api.omh.app/store/picture/15fde3a6-20a6-4bfd-a410-2e0907eb0239,"A Brown Company,Inc.",https://api.omh.app/store/picture/c788660f-e94f-4a6c-816a-f8d41b0ad9f8
https://api.omh.app/store/picture/8a93adff-2efc-4ffb-8a48-64b9e6089191,"A Brown Company,Inc.",https://api.omh.app/store/picture/c788660f-e94f-4a6c-816a-f8d41b0ad9f8
https://api.omh.app/store/picture/2d391220-19fa-47bb-a541-ecc6447b761e,"A Brown Company,Inc.",https://api.omh.app/store/picture/c788660f-e94f-4a6c-816a-f8d41b0ad9f8
https://api.omh.app/store/picture/8ad94102-9ff7-44e4-81d8-c92de7637bd0,"A Brown Company,Inc.",https://api.omh.app/store/picture/c788660f-e94f-4a6c-816a-f8d41b0ad9f8
https://api.omh.app/store/picture/2b9d030b-2f6c-4713-b831-d961669455a9,"A Brown Company,Inc.",https://api.omh.app/store/picture/c788660f-e94f-4a6c-816a-f8d41b0ad9f8
https://api.omh.app/store/picture/df1ee47a-3e15-44e0-acc9-756377907789,"A Brown Company,Inc.",https://api.omh.app/store/picture/c788660f-e94f-4a6c-816a-f8d41b0ad9f8
https://api.omh.app/store/picture/9542611b-2a5a-4029-9f51-f0907b135f8e,"A Brown Company,Inc.",https://api.omh.app/store/picture/c788660f-e94f-4a6c-816a-f8d41b0ad9f8
https://api.omh.app/store/picture/54ec70e3-3c6f-43a9-a14e-f26237cb3533,"A Brown Company,Inc.",https://api.omh.app/store/picture/c788660f-e94f-4a6c-816a-f8d41b0ad9f8
https://api.omh.app/store/picture/e4844548-ac10-4380-9dec-17821e80a2d6,"A Brown Company,Inc.",https://api.omh.app/store/picture/c788660f-e94f-4a6c-816a-f8d41b0ad9f8
https://api.omh.app/store/picture/2d417e88-2026-426a-89f0-6ff7e0b3a08c,"A Brown Company,Inc.",https://api.omh.app/store/picture/c788660f-e94f-4a6c-816a-f8d41b0ad9f8
https://api.omh.app/store/picture/e229756d-61e2-426b-b43c-33158052fe48,"A Brown Company,Inc.",https://api.omh.app/store/picture/c788660f-e94f-4a6c-816a-f8d41b0ad9f8
https://api.omh.app/store/picture/55794660-2367-4535-8787-40f303ebafd5,"A Brown Company,Inc.",https://api.omh.app/store/picture/c788660f-e94f-4a6c-816a-f8d41b0ad9f8
https://api.omh.app/store/picture/cf14174d-28cd-46bf-8616-ea5a22e0541f,"A Brown Company,Inc.",https://api.omh.app/store/picture/c788660f-e94f-4a6c-816a-f8d41b0ad9f8
https://api.omh.app/store/picture/97f01fba-9561-4404-8ef5-0e9dfb00b101,"A Brown Company,Inc.",https://api.omh.app/store/picture/c788660f-e94f-4a6c-816a-f8d41b0ad9f8
https://api.omh.app/store/picture/b793fe22-7b32-4626-be6f-fb707372552d,"A Brown Company,Inc.",https://api.omh.app/store/picture/c788660f-e94f-4a6c-816a-f8d41b0ad9f8
https://api.omh.app/store/picture/15664547-b60f-408d-b77c-4ae34f2fa68f,"A Brown Company,Inc.",https://api.omh.app/store/picture/c788660f-e94f-4a6c-816a-f8d41b0ad9f8
https://api.omh.app/store/picture/7b425b3f-f86c-41cd-a36d-dbeebf8de75a,"A Brown Company,Inc.",https://api.omh.app/store/picture/c788660f-e94f-4a6c-816a-f8d41b0ad9f8
https://api.omh.app/store/picture/74473dba-85c9-422a-80fd-089810c8c443,"A Brown Company,Inc.",https://api.omh.app/store/picture/c788660f-e94f-4a6c-816a-f8d41b0ad9f8
https://api.omh.app/store/picture/315b1204-8a84-44a8-a3e3-5a0c22bfc4f3,"A Brown Company,Inc.",https://api.omh.app/store/picture/c788660f-e94f-4a6c-816a-f8d41b0ad9f8
https://api.omh.app/store/picture/0916b9e8-0e9f-4d4a-b8c4-622cd42f3e53,"A Brown Company,Inc.",https://api.omh.app/store/picture/c788660f-e94f-4a6c-816a-f8d41b0ad9f8
https://api.omh.app/store/picture/54c5c30d-c457-4897-b963-4c0babb1cb0e,"A Brown Company,Inc.",https://api.omh.app/store/picture/c788660f-e94f-4a6c-816a-f8d41b0ad9f8
https://api.omh.app/store/picture/faaed14d-3627-428e-a95f-3b2b4fb25430,"A Brown Company,Inc.",https://api.omh.app/store/picture/c788660f-e94f-4a6c-816a-f8d41b0ad9f8
https://api.omh.app/store/picture/866f495d-5a77-441e-9e86-1f0725345892,"A Brown Company,Inc.",https://api.omh.app/store/picture/c788660f-e94f-4a6c-816a-f8d41b0ad9f8
https://api.omh.app/store/picture/414dca7b-24bb-40f5-8ccb-558ad0e3523f,"A Brown Company,Inc.",https://api.omh.app/store/picture/c788660f-e94f-4a6c-816a-f8d41b0ad9f8
https://api.omh.app/store/picture/f470cf98-3123-4ea7-8ef4-e5cbfb563c68,Amaia Land Corp.,https://api.omh.app/store/picture/0c7e53a0-ed4d-45ff-9a2b-a6b5a24831ac
https://api.omh.app/store/picture/d1095895-25d8-496c-9f66-7b603255587c,Amaia Land Corp.,https://api.omh.app/store/picture/0c7e53a0-ed4d-45ff-9a2b-a6b5a24831ac
https://api.omh.app/store/picture/f5ab7096-a455-41af-bb42-0474c412b085,Amaia Land Corp.,https://api.omh.app/store/picture/0c7e53a0-ed4d-45ff-9a2b-a6b5a24831ac
https://api.omh.app/store/picture/86b49bf3-1f1d-4764-91b1-fab0b9aa9b55,Amaia Land Corp.,https://api.omh.app/store/picture/0c7e53a0-ed4d-45ff-9a2b-a6b5a24831ac
https://api.omh.app/store/picture/ff2703ea-1a17-4e9d-a080-1edf9876a3f4,Amaia Land Corp.,https://api.omh.app/store/picture/0c7e53a0-ed4d-45ff-9a2b-a6b5a24831ac
https://api.omh.app/store/picture/d447cb65-3725-47a0-9109-119ddd3fd569,Amaia Land Corp.,https://api.omh.app/store/picture/0c7e53a0-ed4d-45ff-9a2b-a6b5a24831ac
https://api.omh.app/store/picture/878cf1a9-8d48-47ff-ae75-12763f7e48a2,Amaia Land Corp.,https://api.omh.app/store/picture/0c7e53a0-ed4d-45ff-9a2b-a6b5a24831ac
https://api.omh.app/store/picture/53ee74d7-fe04-40cb-bd58-c856df24fb2f,Amaia Land Corp.,https://api.omh.app/store/picture/0c7e53a0-ed4d-45ff-9a2b-a6b5a24831ac
https://api.omh.app/store/picture/4e36ee49-8e6d-4adf-b830-551666a3b53a,Amaia Land Corp.,https://api.omh.app/store/picture/0c7e53a0-ed4d-45ff-9a2b-a6b5a24831ac
https://api.omh.app/store/picture/01e4ec79-9ead-4e57-b781-1d01ef3315d4,Amaia Land Corp.,https://api.omh.app/store/picture/0c7e53a0-ed4d-45ff-9a2b-a6b5a24831ac
https://api.omh.app/store/picture/49a79827-93b2-46ba-8979-63c1451d2608,Amaia Land Corp.,https://api.omh.app/store/picture/0c7e53a0-ed4d-45ff-9a2b-a6b5a24831ac
https://api.omh.app/store/picture/9119f5aa-ce7c-4676-affc-97e36a5fa6d7,Amaia Land Corp.,https://api.omh.app/store/picture/0c7e53a0-ed4d-45ff-9a2b-a6b5a24831ac
https://api.omh.app/store/picture/e65c500a-a2c1-488b-975f-06c2afbe1ca4,Amaia Land Corp.,https://api.omh.app/store/picture/0c7e53a0-ed4d-45ff-9a2b-a6b5a24831ac
https://api.omh.app/store/picture/42b695f2-3501-4de8-84ac-fdb44f6a3edb,Amaia Land Corp.,https://api.omh.app/store/picture/0c7e53a0-ed4d-45ff-9a2b-a6b5a24831ac
https://api.omh.app/store/picture/b4d0bc2b-d8ba-431a-a35b-f56a2504f951,R Land Development Inc,https://api.omh.app/store/picture/fac8d2b4-af4f-4f01-83b7-5e31132188c1
https://api.omh.app/store/picture/558f1f05-e58d-47be-851a-e04e00624f75,R Land Development Inc,https://api.omh.app/store/picture/fac8d2b4-af4f-4f01-83b7-5e31132188c1
https://api.omh.app/store/picture/1b4d4785-e3d5-4c40-8ddf-320d9c43a0cc,R Land Development Inc,https://api.omh.app/store/picture/fac8d2b4-af4f-4f01-83b7-5e31132188c1
https://api.omh.app/store/picture/764a05ff-1c60-4abd-9100-c65ba35022b6,R Land Development Inc,https://api.omh.app/store/picture/fac8d2b4-af4f-4f01-83b7-5e31132188c1
https://api.omh.app/store/picture/d7963fd0-fdd2-40f1-8b6c-2ebbe867eddb,Greentech Development Corporation,https://api.omh.app/store/picture/e185802a-3d49-4594-b355-b74720214dc0
https://api.omh.app/store/picture/3c7370aa-7843-41bb-a1e1-ab2ef981b8c0,Greentech Development Corporation,https://api.omh.app/store/picture/e185802a-3d49-4594-b355-b74720214dc0
https://api.omh.app/store/picture/2807f910-b20e-408d-84d3-e41654c77fe5,Greentech Development Corporation,https://api.omh.app/store/picture/e185802a-3d49-4594-b355-b74720214dc0
https://api.omh.app/store/picture/3a031dff-7639-4203-905c-b72d14ec121e,Greentech Development Corporation,https://api.omh.app/store/picture/e185802a-3d49-4594-b355-b74720214dc0
https://api.omh.app/store/picture/9c52fdb0-7429-4cc8-add5-e778dff87b19,Greentech Development Corporation,https://api.omh.app/store/picture/e185802a-3d49-4594-b355-b74720214dc0
https://api.omh.app/store/picture/b8552dcc-513d-4a2c-a549-cb2fe639cb14,Greentech Development Corporation,https://api.omh.app/store/picture/e185802a-3d49-4594-b355-b74720214dc0
https://api.omh.app/store/picture/9f868031-5589-42a1-b664-910efea902e9,Victor Consunji Development Corporation,https://api.omh.app/store/picture/5ab87d7a-6a31-48d6-ad4f-81da6aa21e58
https://api.omh.app/store/picture/0fbd2a50-4224-4b66-a0cb-2298ad2d1e40,Victor Consunji Development Corporation,https://api.omh.app/store/picture/5ab87d7a-6a31-48d6-ad4f-81da6aa21e58
https://api.omh.app/store/picture/4976d94a-04b6-413b-a577-3cadba9eceef,Victor Consunji Development Corporation,https://api.omh.app/store/picture/5ab87d7a-6a31-48d6-ad4f-81da6aa21e58
https://api.omh.app/store/picture/647dd91b-aaa3-4d89-8944-c323a12137a9,Victor Consunji Development Corporation,https://api.omh.app/store/picture/5ab87d7a-6a31-48d6-ad4f-81da6aa21e58
https://api.omh.app/store/picture/0099f9cd-40cc-4ed8-af54-252e554c83ac,Victor Consunji Development Corporation,https://api.omh.app/store/picture/5ab87d7a-6a31-48d6-ad4f-81da6aa21e58
https://api.omh.app/store/picture/342be0ce-361b-4c97-91fd-3c61ec2dc71e,Victor Consunji Development Corporation,https://api.omh.app/store/picture/5ab87d7a-6a31-48d6-ad4f-81da6aa21e58
https://api.omh.app/store/picture/bafc7e9e-eafc-44cb-8db2-a44fea534b4a,Victor Consunji Development Corporation,https://api.omh.app/store/picture/5ab87d7a-6a31-48d6-ad4f-81da6aa21e58
https://api.omh.app/store/picture/20108145-f01f-4dd5-9ab2-0afde6f8e5ac,Victor Consunji Development Corporation,https://api.omh.app/store/picture/5ab87d7a-6a31-48d6-ad4f-81da6aa21e58
https://api.omh.app/store/picture/996eaeed-8fc5-4256-aadb-7abeea3e9388,Victor Consunji Development Corporation,https://api.omh.app/store/picture/5ab87d7a-6a31-48d6-ad4f-81da6aa21e58
https://api.omh.app/store/picture/88ecbf72-9f9e-4888-827e-a7d3913933fa,Victor Consunji Development Corporation,https://api.omh.app/store/picture/5ab87d7a-6a31-48d6-ad4f-81da6aa21e58
https://api.omh.app/store/picture/6221e038-58eb-465a-8cbc-09827f9867d4,Victor Consunji Development Corporation,https://api.omh.app/store/picture/5ab87d7a-6a31-48d6-ad4f-81da6aa21e58
https://api.omh.app/store/picture/bd012143-c044-4c07-9edc-4baaae22707c,Victor Consunji Development Corporation,https://api.omh.app/store/picture/5ab87d7a-6a31-48d6-ad4f-81da6aa21e58
https://api.omh.app/store/picture/e375452b-3946-4b6a-9636-6026e7814ed2,Victor Consunji Development Corporation,https://api.omh.app/store/picture/5ab87d7a-6a31-48d6-ad4f-81da6aa21e58
https://api.omh.app/store/picture/e3575e28-5fef-4590-8db9-1d93dacd4dca,Victor Consunji Development Corporation,https://api.omh.app/store/picture/5ab87d7a-6a31-48d6-ad4f-81da6aa21e58
https://api.omh.app/store/picture/c2bdbb03-1692-4bca-bcbb-a0ba7eee7c3b,Victor Consunji Development Corporation,https://api.omh.app/store/picture/5ab87d7a-6a31-48d6-ad4f-81da6aa21e58
https://api.omh.app/store/picture/58e82bed-1974-4587-9500-9c5d25dd520d,Victor Consunji Development Corporation,https://api.omh.app/store/picture/5ab87d7a-6a31-48d6-ad4f-81da6aa21e58
https://api.omh.app/store/picture/d117c799-c2b7-46a7-bc5e-9b9862802d72,Victor Consunji Development Corporation,https://api.omh.app/store/picture/5ab87d7a-6a31-48d6-ad4f-81da6aa21e58
https://api.omh.app/store/picture/ea7f7c3c-0725-40d0-8b28-1afada27474d,"Red Oak Properties,Inc",https://api.omh.app/store/picture/1f76298f-8c73-406b-9fee-f87ee885fe34
https://api.omh.app/store/picture/a32c7e2f-1dfc-4720-9918-416785658ba0,"Red Oak Properties,Inc",https://api.omh.app/store/picture/1f76298f-8c73-406b-9fee-f87ee885fe34
https://api.omh.app/store/picture/378a48d9-8325-4ced-a9d9-2922551c29eb,"Red Oak Properties,Inc",https://api.omh.app/store/picture/1f76298f-8c73-406b-9fee-f87ee885fe34
https://api.omh.app/store/picture/a1b6613c-a37d-4918-beff-cab0f13ce78f,"Red Oak Properties,Inc",https://api.omh.app/store/picture/1f76298f-8c73-406b-9fee-f87ee885fe34
https://api.omh.app/store/picture/f1237c33-4377-4963-9006-e156e63a4517,"Red Oak Properties,Inc",https://api.omh.app/store/picture/1f76298f-8c73-406b-9fee-f87ee885fe34
https://api.omh.app/store/picture/a392b273-68c4-4cd8-994d-8d86ac13cf98,"Red Oak Properties,Inc",https://api.omh.app/store/picture/1f76298f-8c73-406b-9fee-f87ee885fe34
https://api.omh.app/store/picture/53e74ef8-acb7-473a-80f2-605ae61204a3,"Red Oak Properties,Inc",https://api.omh.app/store/picture/1f76298f-8c73-406b-9fee-f87ee885fe34
https://api.omh.app/store/picture/5f429f80-646b-45a3-af6d-728edeb51573,"Red Oak Properties,Inc",https://api.omh.app/store/picture/1f76298f-8c73-406b-9fee-f87ee885fe34
https://api.omh.app/store/picture/fb390ba2-8fd4-45d9-a333-a5243f3600a2,"Red Oak Properties,Inc",https://api.omh.app/store/picture/1f76298f-8c73-406b-9fee-f87ee885fe34
https://api.omh.app/store/picture/fdf9b22a-adcc-4ee4-9253-908a6b4994d1,"Red Oak Properties,Inc",https://api.omh.app/store/picture/1f76298f-8c73-406b-9fee-f87ee885fe34
https://api.omh.app/store/picture/9453cf52-5dba-412f-bb2c-96cd23c5c29a,"Red Oak Properties,Inc",https://api.omh.app/store/picture/1f76298f-8c73-406b-9fee-f87ee885fe34
https://api.omh.app/store/picture/437b30a4-a783-4a70-9717-4e0c3cd0cee0,"Red Oak Properties,Inc",https://api.omh.app/store/picture/1f76298f-8c73-406b-9fee-f87ee885fe34
https://api.omh.app/store/picture/f7e0e352-02b8-437a-9510-c367e46ffa50,"Red Oak Properties,Inc",https://api.omh.app/store/picture/1f76298f-8c73-406b-9fee-f87ee885fe34
https://api.omh.app/store/picture/7b7c3ddb-b453-42db-ad22-9d53120755ae,"Red Oak Properties,Inc",https://api.omh.app/store/picture/1f76298f-8c73-406b-9fee-f87ee885fe34
https://api.omh.app/store/picture/792304d6-4384-45ab-b85e-d32ecf66ff32,"Red Oak Properties,Inc",https://api.omh.app/store/picture/1f76298f-8c73-406b-9fee-f87ee885fe34
https://api.omh.app/store/picture/8509d20a-4023-4579-af7d-84be93259b42,"Red Oak Properties,Inc",https://api.omh.app/store/picture/1f76298f-8c73-406b-9fee-f87ee885fe34
https://api.omh.app/store/picture/e8832137-3bce-49e6-91b1-d682df83effa,"Red Oak Properties,Inc",https://api.omh.app/store/picture/1f76298f-8c73-406b-9fee-f87ee885fe34
https://api.omh.app/store/picture/b17e5352-bd2d-4612-a9c8-f53beb4c1326,"Red Oak Properties,Inc",https://api.omh.app/store/picture/1f76298f-8c73-406b-9fee-f87ee885fe34
https://api.omh.app/store/picture/e5ad2746-1405-4b02-a297-ee9d35ef84c8,"Red Oak Properties,Inc",https://api.omh.app/store/picture/1f76298f-8c73-406b-9fee-f87ee885fe34
https://api.omh.app/store/picture/c5485cda-bc11-410c-b842-8bb739309365,"Red Oak Properties,Inc",https://api.omh.app/store/picture/1f76298f-8c73-406b-9fee-f87ee885fe34
https://api.omh.app/store/picture/c9f0cd97-aae4-4201-9ae7-66d11585bb0e,"Red Oak Properties,Inc",https://api.omh.app/store/picture/1f76298f-8c73-406b-9fee-f87ee885fe34
https://api.omh.app/store/picture/3abbd29c-eb4e-47c5-adfa-2d6a77debb11,"Red Oak Properties,Inc",https://api.omh.app/store/picture/1f76298f-8c73-406b-9fee-f87ee885fe34
https://api.omh.app/store/picture/3c011e93-aed2-451f-bdde-ae8440975e28,"Red Oak Properties,Inc",https://api.omh.app/store/picture/1f76298f-8c73-406b-9fee-f87ee885fe34
https://api.omh.app/store/picture/0e316079-e0cd-4510-bc55-134e9b473f7e,"Red Oak Properties,Inc",https://api.omh.app/store/picture/1f76298f-8c73-406b-9fee-f87ee885fe34
https://api.omh.app/store/picture/45dda1fe-b402-460d-9d6b-be3c65dc70ce,"Red Oak Properties,Inc",https://api.omh.app/store/picture/1f76298f-8c73-406b-9fee-f87ee885fe34
https://api.omh.app/store/picture/2c20c916-2814-413b-ba32-ba493a1b2d07,"Red Oak Properties,Inc",https://api.omh.app/store/picture/1f76298f-8c73-406b-9fee-f87ee885fe34
https://api.omh.app/store/picture/766aecae-08a8-4f80-9556-70b917883fec,"Red Oak Properties,Inc",https://api.omh.app/store/picture/1f76298f-8c73-406b-9fee-f87ee885fe34
https://api.omh.app/store/picture/b95a5a7f-acfe-49ee-a684-86f1d30c50bb,"Red Oak Properties,Inc",https://api.omh.app/store/picture/1f76298f-8c73-406b-9fee-f87ee885fe34
https://api.omh.app/store/picture/830caa21-677f-4cd9-97cc-3e58b65797f4,"Red Oak Properties,Inc",https://api.omh.app/store/picture/1f76298f-8c73-406b-9fee-f87ee885fe34
https://api.omh.app/store/picture/f17f1d7b-deef-4728-a743-6583c88f608e,"Red Oak Properties,Inc",https://api.omh.app/store/picture/1f76298f-8c73-406b-9fee-f87ee885fe34
https://api.omh.app/store/picture/24e7adb3-8dca-4142-b1a3-1ca73186f037,"Red Oak Properties,Inc",https://api.omh.app/store/picture/1f76298f-8c73-406b-9fee-f87ee885fe34
https://api.omh.app/store/picture/b9bcf727-e079-4e3e-915b-c92045e47397,"Red Oak Properties,Inc",https://api.omh.app/store/picture/1f76298f-8c73-406b-9fee-f87ee885fe34
https://api.omh.app/store/picture/a0210cd0-6fe5-48c1-bc80-ac80be98e476,"Red Oak Properties,Inc",https://api.omh.app/store/picture/1f76298f-8c73-406b-9fee-f87ee885fe34
https://api.omh.app/store/picture/74f01878-c00d-481e-a2c5-55fbc60f4b2c,"Red Oak Properties,Inc",https://api.omh.app/store/picture/1f76298f-8c73-406b-9fee-f87ee885fe34
https://api.omh.app/store/picture/9202fafd-d64c-41d7-bca0-352eec1eca61,"Red Oak Properties,Inc",https://api.omh.app/store/picture/1f76298f-8c73-406b-9fee-f87ee885fe34
https://api.omh.app/store/picture/a831c582-6f01-45ad-83e9-eaf3e8dab324,"Red Oak Properties,Inc",https://api.omh.app/store/picture/1f76298f-8c73-406b-9fee-f87ee885fe34
https://api.omh.app/store/picture/b451f002-1ec1-4d2d-8b2d-529ce942df8a,Calmar Land,https://api.omh.app/store/picture/f9e8ce52-eb78-49ad-9802-5a58a6580b42
https://api.omh.app/store/picture/e5667a3c-1260-48bd-900e-c6d4ad1c91d1,Calmar Land,https://api.omh.app/store/picture/f9e8ce52-eb78-49ad-9802-5a58a6580b42
https://api.omh.app/store/picture/86ff4155-07d3-41e6-ae5d-35e82d298271,Calmar Land,https://api.omh.app/store/picture/f9e8ce52-eb78-49ad-9802-5a58a6580b42
https://api.omh.app/store/picture/0338d6b1-167b-4fc3-93f0-3e86eec5af08,Calmar Land,https://api.omh.app/store/picture/f9e8ce52-eb78-49ad-9802-5a58a6580b42
https://api.omh.app/store/picture/8d7f9b82-c467-40b2-bafc-f44e555dee9c,Calmar Land,https://api.omh.app/store/picture/f9e8ce52-eb78-49ad-9802-5a58a6580b42
https://api.omh.app/store/picture/80a39ca0-774e-47ad-aed9-66445b6d1e8d,Calmar Land,https://api.omh.app/store/picture/f9e8ce52-eb78-49ad-9802-5a58a6580b42
https://api.omh.app/store/picture/487cf91e-2180-4d9f-8827-153bfd0a681d,Calmar Land,https://api.omh.app/store/picture/f9e8ce52-eb78-49ad-9802-5a58a6580b42
https://api.omh.app/store/picture/9700323b-c6a2-4b3d-8cad-2a199d4076d4,Calmar Land,https://api.omh.app/store/picture/f9e8ce52-eb78-49ad-9802-5a58a6580b42
https://api.omh.app/store/picture/f8614136-f05c-4cac-bf86-bfb1453437a0,SP Land Inc.,https://api.omh.app/store/picture/ff39fad9-3022-46fd-a22e-da57120d087b
https://api.omh.app/store/picture/3a92bce2-fd4e-41da-9c6e-73fc7a600292,SP Land Inc.,https://api.omh.app/store/picture/ff39fad9-3022-46fd-a22e-da57120d087b
https://api.omh.app/store/picture/75dff58f-2942-43f3-93e3-0aae60e487b6,SP Land Inc.,https://api.omh.app/store/picture/ff39fad9-3022-46fd-a22e-da57120d087b
https://api.omh.app/store/picture/9dbee5e4-ae22-429b-b9b1-36b323d1d21b,SP Land Inc.,https://api.omh.app/store/picture/ff39fad9-3022-46fd-a22e-da57120d087b
https://api.omh.app/store/picture/20fc8f4a-a574-49d7-8f76-e4182182ec89,SP Land Inc.,https://api.omh.app/store/picture/ff39fad9-3022-46fd-a22e-da57120d087b
https://api.omh.app/store/picture/eb3e6497-bc83-4928-abfd-39d38e33bc38,SP Land Inc.,https://api.omh.app/store/picture/ff39fad9-3022-46fd-a22e-da57120d087b
https://api.omh.app/store/picture/ded08ba9-59d5-425b-9e95-937c197e2b34,SP Land Inc.,https://api.omh.app/store/picture/ff39fad9-3022-46fd-a22e-da57120d087b
https://api.omh.app/store/picture/135e8b3e-6f94-4b7c-866f-521b5e445283,SP Land Inc.,https://api.omh.app/store/picture/ff39fad9-3022-46fd-a22e-da57120d087b
https://api.omh.app/store/picture/d8296dc5-5720-4b1d-b187-dbfb03d27c28,Rockavilla Realty & Development Corporation,https://api.omh.app/store/picture/3424f340-906a-4839-a953-96400579b848
https://api.omh.app/store/picture/26ff766c-c23e-4673-84bd-e0dfe2ffe460,Rockavilla Realty & Development Corporation,https://api.omh.app/store/picture/3424f340-906a-4839-a953-96400579b848
https://api.omh.app/store/picture/212878a8-34de-4ec1-bcd2-94578d2ca7df,Rockavilla Realty & Development Corporation,https://api.omh.app/store/picture/3424f340-906a-4839-a953-96400579b848
https://api.omh.app/store/picture/6307b385-9b32-49ea-b70b-3f348e95bd66,Rockavilla Realty & Development Corporation,https://api.omh.app/store/picture/3424f340-906a-4839-a953-96400579b848
https://api.omh.app/store/picture/a91b075e-219d-4d17-8768-50eafdff1a08,Rockavilla Realty & Development Corporation,https://api.omh.app/store/picture/3424f340-906a-4839-a953-96400579b848
https://api.omh.app/store/picture/4913bf9f-ed02-4b07-af32-7917832d2f5a,Rockavilla Realty & Development Corporation,https://api.omh.app/store/picture/3424f340-906a-4839-a953-96400579b848
https://api.omh.app/store/picture/9ab8b723-2f80-4e99-866f-065f7c5e90f8,Rockavilla Realty & Development Corporation,https://api.omh.app/store/picture/3424f340-906a-4839-a953-96400579b848
https://api.omh.app/store/picture/dc02c15f-005f-4735-aae3-2cd1c588cb4b,Rockavilla Realty & Development Corporation,https://api.omh.app/store/picture/3424f340-906a-4839-a953-96400579b848
https://api.omh.app/store/picture/2999b3aa-c1e0-4978-b9de-7db8fb90bd5f,Rockavilla Realty & Development Corporation,https://api.omh.app/store/picture/3424f340-906a-4839-a953-96400579b848
https://api.omh.app/store/picture/5bade39d-ed66-43a3-810d-7ecf8fe8f357,Rockavilla Realty & Development Corporation,https://api.omh.app/store/picture/3424f340-906a-4839-a953-96400579b848
https://api.omh.app/store/picture/9742af1d-1010-4415-9513-61fb5b39f804,Rockavilla Realty & Development Corporation,https://api.omh.app/store/picture/3424f340-906a-4839-a953-96400579b848
https://api.omh.app/store/picture/13f29fa5-a892-41f2-b9fb-c6d8446a20f7,ST. Felisse Realty and Development Corporation,https://api.omh.app/store/picture/ecca5558-9aaf-4e45-b897-9bbd4c76e441
https://api.omh.app/store/picture/c8e51269-5a0a-4c2a-84ba-c4c818193e7e,ST. Felisse Realty and Development Corporation,https://api.omh.app/store/picture/ecca5558-9aaf-4e45-b897-9bbd4c76e441
https://api.omh.app/store/picture/914f8aed-3a2d-460d-ba71-8a09e434ff07,ST. Felisse Realty and Development Corporation,https://api.omh.app/store/picture/ecca5558-9aaf-4e45-b897-9bbd4c76e441
https://api.omh.app/store/picture/24afb8ad-13cf-450c-875c-55cdabb8a6a6,ST. Felisse Realty and Development Corporation,https://api.omh.app/store/picture/ecca5558-9aaf-4e45-b897-9bbd4c76e441
https://api.omh.app/store/picture/73c0d16f-4d1b-46ff-8063-aea817648ed1,ST. Felisse Realty and Development Corporation,https://api.omh.app/store/picture/ecca5558-9aaf-4e45-b897-9bbd4c76e441
https://api.omh.app/store/picture/f88c1b7e-9dc4-4c81-b305-9e21ef2b67d6,ST. Felisse Realty and Development Corporation,https://api.omh.app/store/picture/ecca5558-9aaf-4e45-b897-9bbd4c76e441
https://api.omh.app/store/picture/7a14cee8-e940-4907-9cc4-9c57d0533336,ST. Felisse Realty and Development Corporation,https://api.omh.app/store/picture/ecca5558-9aaf-4e45-b897-9bbd4c76e441
https://api.omh.app/store/picture/d921840f-716f-4bf1-b397-4a7eb06d545e,ST. Felisse Realty and Development Corporation,https://api.omh.app/store/picture/ecca5558-9aaf-4e45-b897-9bbd4c76e441
https://api.omh.app/store/picture/701d0579-0c0d-4c07-b24f-b7fe00d6dcdf,ST. Felisse Realty and Development Corporation,https://api.omh.app/store/picture/ecca5558-9aaf-4e45-b897-9bbd4c76e441
https://api.omh.app/store/picture/34d7b06f-6491-4a0c-99e9-41058bb16eb6,ST. Felisse Realty and Development Corporation,https://api.omh.app/store/picture/ecca5558-9aaf-4e45-b897-9bbd4c76e441
https://api.omh.app/store/picture/de5ec0a3-56be-41fc-b345-8d6c06a6a732,ST. Felisse Realty and Development Corporation,https://api.omh.app/store/picture/ecca5558-9aaf-4e45-b897-9bbd4c76e441
https://api.omh.app/store/picture/26931d28-566e-47e2-bfd1-61a28ebc2bba,ST. Felisse Realty and Development Corporation,https://api.omh.app/store/picture/ecca5558-9aaf-4e45-b897-9bbd4c76e441
https://api.omh.app/store/picture/fff66b22-5ecc-477e-bea6-1f6ea1233bd6,ST. Felisse Realty and Development Corporation,https://api.omh.app/store/picture/ecca5558-9aaf-4e45-b897-9bbd4c76e441
https://api.omh.app/store/picture/f3153fa6-1deb-4622-84ff-dea6ec8f64d4,RLC Residences,https://api.omh.app/store/picture/3d6b3e99-3ceb-4f9b-bb97-aab0d09e028d
https://api.omh.app/store/picture/08816d52-0234-45e6-aeb0-0ca9dc73ef1f,RLC Residences,https://api.omh.app/store/picture/3d6b3e99-3ceb-4f9b-bb97-aab0d09e028d
https://api.omh.app/store/picture/c325cfbe-1eb6-4355-add1-43c34e52e221,RLC Residences,https://api.omh.app/store/picture/3d6b3e99-3ceb-4f9b-bb97-aab0d09e028d
https://api.omh.app/store/picture/b6ab777a-a596-4d64-bd3a-101392c0a4ab,RLC Residences,https://api.omh.app/store/picture/3d6b3e99-3ceb-4f9b-bb97-aab0d09e028d
https://api.omh.app/store/picture/f226ad21-c986-453d-a7e8-b6d478af281f,RCD Land Inc,https://api.omh.app/store/picture/fe421b4c-3ae5-40a0-9b4b-e58947584f22
https://api.omh.app/store/picture/5aa612dc-79c1-489e-81b7-1420acbf88e3,RCD Land Inc,https://api.omh.app/store/picture/fe421b4c-3ae5-40a0-9b4b-e58947584f22
https://api.omh.app/store/picture/45766c45-6fe2-4e8c-ab99-e7a20a57c248,RCD Land Inc,https://api.omh.app/store/picture/fe421b4c-3ae5-40a0-9b4b-e58947584f22
https://api.omh.app/store/picture/ee59bc12-1686-414e-9210-8191a917a708,RCD Land Inc,https://api.omh.app/store/picture/fe421b4c-3ae5-40a0-9b4b-e58947584f22
https://api.omh.app/store/picture/1a3c461a-b16f-4f08-9ca8-5378bcce8e30,RCD Land Inc,https://api.omh.app/store/picture/fe421b4c-3ae5-40a0-9b4b-e58947584f22
https://api.omh.app/store/picture/f36de1a8-3832-4dd5-aab2-788e89a8fb51,RCD Land Inc,https://api.omh.app/store/picture/fe421b4c-3ae5-40a0-9b4b-e58947584f22
https://api.omh.app/store/picture/594a17c9-eff9-4943-bb74-aa9b682e9f95,Primary Homes Incorporated,https://api.omh.app/store/picture/04d5d9aa-22f8-4994-b17a-8fff389af97e
https://api.omh.app/store/picture/a1bb47e8-a004-4456-884a-763f0680c91e,Primary Homes Incorporated,https://api.omh.app/store/picture/04d5d9aa-22f8-4994-b17a-8fff389af97e
https://api.omh.app/store/picture/a04b242b-3fe7-435f-b182-b16ab1481b35,Primary Homes Incorporated,https://api.omh.app/store/picture/04d5d9aa-22f8-4994-b17a-8fff389af97e
https://api.omh.app/store/picture/36a6949f-c489-4818-9d92-26b26f57e2f8,Primary Homes Incorporated,https://api.omh.app/store/picture/04d5d9aa-22f8-4994-b17a-8fff389af97e
https://api.omh.app/store/picture/7ecbd58b-23e3-44b8-bdc5-896900fff3cf,Primary Homes Incorporated,https://api.omh.app/store/picture/04d5d9aa-22f8-4994-b17a-8fff389af97e
https://api.omh.app/store/picture/36972eab-3621-4c9b-ba3b-73ccacf7ee55,Primary Homes Incorporated,https://api.omh.app/store/picture/04d5d9aa-22f8-4994-b17a-8fff389af97e
https://api.omh.app/store/picture/ceb90f97-7aac-4d6d-8030-235b8a2dc300,Primary Homes Incorporated,https://api.omh.app/store/picture/04d5d9aa-22f8-4994-b17a-8fff389af97e
https://api.omh.app/store/picture/6af26676-6182-4c3b-b37f-2e9c64af6524,YCP Properties,https://api.omh.app/store/picture/f0c22ede-c8ad-454e-a158-47a31d071175
https://api.omh.app/store/picture/e8e61595-ca8b-49c1-ab16-adf8fb8195b0,YCP Properties,https://api.omh.app/store/picture/f0c22ede-c8ad-454e-a158-47a31d071175
https://api.omh.app/store/picture/e9590dd5-d7ee-4b07-9422-891b4eca3dfc,YCP Properties,https://api.omh.app/store/picture/f0c22ede-c8ad-454e-a158-47a31d071175
https://api.omh.app/store/picture/9275b85d-b197-4c8e-a270-197aed2800b7,YCP Properties,https://api.omh.app/store/picture/f0c22ede-c8ad-454e-a158-47a31d071175
https://api.omh.app/store/picture/695f3135-3706-4800-af3d-d662051dbf09,YCP Properties,https://api.omh.app/store/picture/f0c22ede-c8ad-454e-a158-47a31d071175
https://api.omh.app/store/picture/a9c0f92e-1479-48fc-a212-e63ce9692723,YCP Properties,https://api.omh.app/store/picture/f0c22ede-c8ad-454e-a158-47a31d071175
https://api.omh.app/store/picture/7b76b1e0-2532-4f37-9d0b-49cf4ce3e426,Breightonland,https://api.omh.app/store/picture/2b3afbf2-c1c4-472f-a02d-f5b5b98f402f
https://api.omh.app/store/picture/7b76b1e0-2532-4f37-9d0b-49cf4ce3e426,Breightonland,https://api.omh.app/store/picture/327981ce-032e-4656-a651-cec1d6eae854
https://api.omh.app/store/picture/7b76b1e0-2532-4f37-9d0b-49cf4ce3e426,Breightonland,https://api.omh.app/store/picture/cba7f199-d587-4e28-8f0a-60044b105688
https://api.omh.app/store/picture/7b76b1e0-2532-4f37-9d0b-49cf4ce3e426,Breightonland,https://api.omh.app/store/picture/5ee5501a-6a35-4276-a103-b358d20fc3a9
https://api.omh.app/store/picture/7b76b1e0-2532-4f37-9d0b-49cf4ce3e426,Breightonland,https://api.omh.app/store/picture/ab45f6b4-70bf-4066-bfe7-ef261e306078
https://api.omh.app/store/picture/7b76b1e0-2532-4f37-9d0b-49cf4ce3e426,Breightonland,https://api.omh.app/store/picture/d8898fa0-da61-4834-b25a-6f9c7e84d031
https://api.omh.app/store/picture/7b76b1e0-2532-4f37-9d0b-49cf4ce3e426,Breightonland,https://api.omh.app/store/picture/3e646596-47f5-4ea6-949a-a0ad6463dcbe
https://api.omh.app/store/picture/5f2e0500-9a78-4cf0-a2bf-20b2984c7437,Transphil Real Estate Development Corp,https://api.omh.app/store/picture/5f2e0500-9a78-4cf0-a2bf-20b2984c7437
https://api.omh.app/store/picture/5f2e0500-9a78-4cf0-a2bf-20b2984c7437,Transphil Real Estate Development Corp,https://api.omh.app/store/picture/51e23415-f6b9-4d2a-9b55-348a84b1ae54
https://api.omh.app/store/picture/5f2e0500-9a78-4cf0-a2bf-20b2984c7437,Transphil Real Estate Development Corp,https://api.omh.app/store/picture/9335ac44-b7f1-4be6-b060-7096fa8f5c57
https://api.omh.app/store/picture/5f2e0500-9a78-4cf0-a2bf-20b2984c7437,Transphil Real Estate Development Corp,https://api.omh.app/store/picture/23cc5af5-3433-4456-baf1-05512502d080
https://api.omh.app/store/picture/5f2e0500-9a78-4cf0-a2bf-20b2984c7437,Transphil Real Estate Development Corp,https://api.omh.app/store/picture/2762fd7c-f8a0-441c-b9b5-6d63cc1c12d7
https://api.omh.app/store/picture/5f2e0500-9a78-4cf0-a2bf-20b2984c7437,Transphil Real Estate Development Corp,https://api.omh.app/store/picture/e06b8fa1-7456-44f7-b3bb-23f4a4bbcf8b
https://api.omh.app/store/picture/5f2e0500-9a78-4cf0-a2bf-20b2984c7437,Transphil Real Estate Development Corp,https://api.omh.app/store/picture/80ac5f71-a874-4bd4-9731-03db1aba2497
https://api.omh.app/store/picture/ae5bbb9b-a98b-4436-9841-f63a47e1f1d9,Apec Homes,https://api.omh.app/store/picture/ae5bbb9b-a98b-4436-9841-f63a47e1f1d9
https://api.omh.app/store/picture/ae5bbb9b-a98b-4436-9841-f63a47e1f1d9,Apec Homes,https://api.omh.app/store/picture/eee00568-c37c-47e1-8ae6-aa606c188ea7
https://api.omh.app/store/picture/ae5bbb9b-a98b-4436-9841-f63a47e1f1d9,Apec Homes,https://api.omh.app/store/picture/89ac4fa2-1931-4b4f-bad8-a28b3525024e
https://api.omh.app/store/picture/ae5bbb9b-a98b-4436-9841-f63a47e1f1d9,Apec Homes,https://api.omh.app/store/picture/629db31b-e537-4401-9ac4-47d08a04d969
https://api.omh.app/store/picture/ae5bbb9b-a98b-4436-9841-f63a47e1f1d9,Apec Homes,https://api.omh.app/store/picture/f320dc84-cc23-4223-bc5f-2e3cb4aaaac7
https://api.omh.app/store/picture/ae5bbb9b-a98b-4436-9841-f63a47e1f1d9,Apec Homes,https://api.omh.app/store/picture/1e42ec81-fb00-4886-938f-1d4debaebfda
https://api.omh.app/store/picture/ae5bbb9b-a98b-4436-9841-f63a47e1f1d9,Apec Homes,https://api.omh.app/store/picture/936268ac-2d97-4c34-be74-72886591e1c4
https://api.omh.app/store/picture/ae5bbb9b-a98b-4436-9841-f63a47e1f1d9,Apec Homes,https://api.omh.app/store/picture/d546f23f-f74a-4ac4-8301-e411dbc9e2ed
https://api.omh.app/store/picture/ae5bbb9b-a98b-4436-9841-f63a47e1f1d9,Apec Homes,https://api.omh.app/store/picture/762fcd15-cc92-4dc3-a1f4-448d4ea381d6
https://api.omh.app/store/picture/ae5bbb9b-a98b-4436-9841-f63a47e1f1d9,Apec Homes,https://api.omh.app/store/picture/a452ace2-776b-465f-a006-dd3268472b26
https://api.omh.app/store/picture/56c9bf19-5495-4f4f-988b-e0e3dd88374a,Elanvital Enclaves,https://api.omh.app/store/picture/56c9bf19-5495-4f4f-988b-e0e3dd88374a
https://api.omh.app/store/picture/56c9bf19-5495-4f4f-988b-e0e3dd88374a,Elanvital Enclaves,https://api.omh.app/store/picture/636e61c9-9cf5-47a0-9188-36e46c9e8b40
https://api.omh.app/store/picture/56c9bf19-5495-4f4f-988b-e0e3dd88374a,Elanvital Enclaves,https://api.omh.app/store/picture/2a54c9a5-f7f9-42d7-981a-898462c14ec5
https://api.omh.app/store/picture/e4c98355-32b4-40ef-b67b-8ce36c49083a,"A Brown Company, Inc.",https://api.omh.app/store/picture/c788660f-e94f-4a6c-816a-f8d41b0ad9f8
https://api.omh.app/store/picture/29875869-53ba-4e43-b8ce-92df53a047b6,"A Brown Company, Inc.",https://api.omh.app/store/picture/c788660f-e94f-4a6c-816a-f8d41b0ad9f8
https://api.omh.app/store/picture/c06d25c1-8c2e-4032-aecc-0218fcc247fc,"A Brown Company, Inc.",https://api.omh.app/store/picture/c788660f-e94f-4a6c-816a-f8d41b0ad9f8
https://api.omh.app/store/picture/15fde3a6-20a6-4bfd-a410-2e0907eb0239,"A Brown Company, Inc.",https://api.omh.app/store/picture/c788660f-e94f-4a6c-816a-f8d41b0ad9f8
https://api.omh.app/store/picture/8a93adff-2efc-4ffb-8a48-64b9e6089191,"A Brown Company, Inc.",https://api.omh.app/store/picture/c788660f-e94f-4a6c-816a-f8d41b0ad9f8
https://api.omh.app/store/picture/2d391220-19fa-47bb-a541-ecc6447b761e,"A Brown Company, Inc.",https://api.omh.app/store/picture/c788660f-e94f-4a6c-816a-f8d41b0ad9f8
https://api.omh.app/store/picture/8ad94102-9ff7-44e4-81d8-c92de7637bd0,"A Brown Company, Inc.",https://api.omh.app/store/picture/c788660f-e94f-4a6c-816a-f8d41b0ad9f8
https://api.omh.app/store/picture/2b9d030b-2f6c-4713-b831-d961669455a9,"A Brown Company, Inc.",https://api.omh.app/store/picture/c788660f-e94f-4a6c-816a-f8d41b0ad9f8
https://api.omh.app/store/picture/df1ee47a-3e15-44e0-acc9-756377907789,"A Brown Company, Inc.",https://api.omh.app/store/picture/c788660f-e94f-4a6c-816a-f8d41b0ad9f8
https://api.omh.app/store/picture/9542611b-2a5a-4029-9f51-f0907b135f8e,"A Brown Company, Inc.",https://api.omh.app/store/picture/c788660f-e94f-4a6c-816a-f8d41b0ad9f8
https://api.omh.app/store/picture/54ec70e3-3c6f-43a9-a14e-f26237cb3533,"A Brown Company, Inc.",https://api.omh.app/store/picture/c788660f-e94f-4a6c-816a-f8d41b0ad9f8
https://api.omh.app/store/picture/e4844548-ac10-4380-9dec-17821e80a2d6,"A Brown Company, Inc.",https://api.omh.app/store/picture/c788660f-e94f-4a6c-816a-f8d41b0ad9f8
https://api.omh.app/store/picture/2d417e88-2026-426a-89f0-6ff7e0b3a08c,"A Brown Company, Inc.",https://api.omh.app/store/picture/c788660f-e94f-4a6c-816a-f8d41b0ad9f8
https://api.omh.app/store/picture/e229756d-61e2-426b-b43c-33158052fe48,"A Brown Company, Inc.",https://api.omh.app/store/picture/c788660f-e94f-4a6c-816a-f8d41b0ad9f8
https://api.omh.app/store/picture/01b0bb12-d294-42fa-b331-626b8d12aae9,"A Brown Company, Inc.",https://api.omh.app/store/picture/c788660f-e94f-4a6c-816a-f8d41b0ad9f8
https://api.omh.app/store/picture/dafe2977-0c93-4815-af1c-4ffe516b0189,"A Brown Company, Inc.",https://api.omh.app/store/picture/c788660f-e94f-4a6c-816a-f8d41b0ad9f8
https://api.omh.app/store/picture/16049bb8-3625-41e0-b810-93aaec01d3a0,"A Brown Company, Inc.",https://api.omh.app/store/picture/c788660f-e94f-4a6c-816a-f8d41b0ad9f8
https://api.omh.app/store/picture/55794660-2367-4535-8787-40f303ebafd5,"A Brown Company, Inc.",https://api.omh.app/store/picture/c788660f-e94f-4a6c-816a-f8d41b0ad9f8
https://api.omh.app/store/picture/cf14174d-28cd-46bf-8616-ea5a22e0541f,"A Brown Company, Inc.",https://api.omh.app/store/picture/c788660f-e94f-4a6c-816a-f8d41b0ad9f8
https://api.omh.app/store/picture/97f01fba-9561-4404-8ef5-0e9dfb00b101,"A Brown Company, Inc.",https://api.omh.app/store/picture/c788660f-e94f-4a6c-816a-f8d41b0ad9f8
https://api.omh.app/store/picture/b793fe22-7b32-4626-be6f-fb707372552d,"A Brown Company, Inc.",https://api.omh.app/store/picture/c788660f-e94f-4a6c-816a-f8d41b0ad9f8
https://api.omh.app/store/picture/15664547-b60f-408d-b77c-4ae34f2fa68f,"A Brown Company, Inc.",https://api.omh.app/store/picture/c788660f-e94f-4a6c-816a-f8d41b0ad9f8
https://api.omh.app/store/picture/7b425b3f-f86c-41cd-a36d-dbeebf8de75a,"A Brown Company, Inc.",https://api.omh.app/store/picture/c788660f-e94f-4a6c-816a-f8d41b0ad9f8
https://api.omh.app/store/picture/74473dba-85c9-422a-80fd-089810c8c443,"A Brown Company, Inc.",https://api.omh.app/store/picture/c788660f-e94f-4a6c-816a-f8d41b0ad9f8
https://api.omh.app/store/picture/315b1204-8a84-44a8-a3e3-5a0c22bfc4f3,"A Brown Company, Inc.",https://api.omh.app/store/picture/c788660f-e94f-4a6c-816a-f8d41b0ad9f8
https://api.omh.app/store/picture/0916b9e8-0e9f-4d4a-b8c4-622cd42f3e53,"A Brown Company, Inc.",https://api.omh.app/store/picture/c788660f-e94f-4a6c-816a-f8d41b0ad9f8
https://api.omh.app/store/picture/54c5c30d-c457-4897-b963-4c0babb1cb0e,"A Brown Company, Inc.",https://api.omh.app/store/picture/c788660f-e94f-4a6c-816a-f8d41b0ad9f8
https://api.omh.app/store/picture/faaed14d-3627-428e-a95f-3b2b4fb25430,"A Brown Company, Inc.",https://api.omh.app/store/picture/c788660f-e94f-4a6c-816a-f8d41b0ad9f8
https://api.omh.app/store/picture/866f495d-5a77-441e-9e86-1f0725345892,"A Brown Company, Inc.",https://api.omh.app/store/picture/c788660f-e94f-4a6c-816a-f8d41b0ad9f8
https://api.omh.app/store/picture/414dca7b-24bb-40f5-8ccb-558ad0e3523f,"A Brown Company, Inc.",https://api.omh.app/store/picture/c788660f-e94f-4a6c-816a-f8d41b0ad9f8
https://api.omh.app/store/picture/f470cf98-3123-4ea7-8ef4-e5cbfb563c68,Amaia Land Corp.,https://api.omh.app/store/picture/0c7e53a0-ed4d-45ff-9a2b-a6b5a24831ac
https://api.omh.app/store/picture/d1095895-25d8-496c-9f66-7b603255587c,Amaia Land Corp.,https://api.omh.app/store/picture/0c7e53a0-ed4d-45ff-9a2b-a6b5a24831ac
https://api.omh.app/store/picture/f5ab7096-a455-41af-bb42-0474c412b085,Amaia Land Corp.,https://api.omh.app/store/picture/0c7e53a0-ed4d-45ff-9a2b-a6b5a24831ac
https://api.omh.app/store/picture/86b49bf3-1f1d-4764-91b1-fab0b9aa9b55,Amaia Land Corp.,https://api.omh.app/store/picture/0c7e53a0-ed4d-45ff-9a2b-a6b5a24831ac
https://api.omh.app/store/picture/ff2703ea-1a17-4e9d-a080-1edf9876a3f4,Amaia Land Corp.,https://api.omh.app/store/picture/0c7e53a0-ed4d-45ff-9a2b-a6b5a24831ac
https://api.omh.app/store/picture/d447cb65-3725-47a0-9109-119ddd3fd569,Amaia Land Corp.,https://api.omh.app/store/picture/0c7e53a0-ed4d-45ff-9a2b-a6b5a24831ac
https://api.omh.app/store/picture/878cf1a9-8d48-47ff-ae75-12763f7e48a2,Amaia Land Corp.,https://api.omh.app/store/picture/0c7e53a0-ed4d-45ff-9a2b-a6b5a24831ac
https://api.omh.app/store/picture/53ee74d7-fe04-40cb-bd58-c856df24fb2f,Amaia Land Corp.,https://api.omh.app/store/picture/0c7e53a0-ed4d-45ff-9a2b-a6b5a24831ac
https://api.omh.app/store/picture/4e36ee49-8e6d-4adf-b830-551666a3b53a,Amaia Land Corp.,https://api.omh.app/store/picture/0c7e53a0-ed4d-45ff-9a2b-a6b5a24831ac
https://api.omh.app/store/picture/01e4ec79-9ead-4e57-b781-1d01ef3315d4,Amaia Land Corp.,https://api.omh.app/store/picture/0c7e53a0-ed4d-45ff-9a2b-a6b5a24831ac
https://api.omh.app/store/picture/49a79827-93b2-46ba-8979-63c1451d2608,Amaia Land Corp.,https://api.omh.app/store/picture/0c7e53a0-ed4d-45ff-9a2b-a6b5a24831ac
https://api.omh.app/store/picture/9119f5aa-ce7c-4676-affc-97e36a5fa6d7,Amaia Land Corp.,https://api.omh.app/store/picture/0c7e53a0-ed4d-45ff-9a2b-a6b5a24831ac
https://api.omh.app/store/picture/e65c500a-a2c1-488b-975f-06c2afbe1ca4,Amaia Land Corp.,https://api.omh.app/store/picture/0c7e53a0-ed4d-45ff-9a2b-a6b5a24831ac
https://api.omh.app/store/picture/42b695f2-3501-4de8-84ac-fdb44f6a3edb,Amaia Land Corp.,https://api.omh.app/store/picture/0c7e53a0-ed4d-45ff-9a2b-a6b5a24831ac
https://api.omh.app/store/picture/85099a00-c695-48cb-8b7d-36c2b24dedc4,PH1 World,https://api.omh.app/store/picture/534e97ea-8377-436b-b984-75a5fe1e9bd3
https://api.omh.app/store/picture/df91c56e-e899-4096-9bfd-b9dc3a03cd26,PH1 World,https://api.omh.app/store/picture/534e97ea-8377-436b-b984-75a5fe1e9bd3
https://api.omh.app/store/picture/a85f3794-2c39-4d12-a9d5-089536a553f3,PH1 World,https://api.omh.app/store/picture/534e97ea-8377-436b-b984-75a5fe1e9bd3
https://api.omh.app/store/picture/286701e9-a24c-4bc6-a1d4-55caa6e522ef,PH1 World,https://api.omh.app/store/picture/534e97ea-8377-436b-b984-75a5fe1e9bd3
https://api.omh.app/store/picture/c2d55da1-aaf2-4e25-88c0-8ca175553194,PH1 World,https://api.omh.app/store/picture/534e97ea-8377-436b-b984-75a5fe1e9bd3
https://api.omh.app/store/picture/7a745828-691a-4cc3-899c-4537dd9905a6,PH1 World,https://api.omh.app/store/picture/534e97ea-8377-436b-b984-75a5fe1e9bd3
https://api.omh.app/store/picture/bbdf9fb1-b5aa-49bb-9adf-6f52f4f2d4c2,PH1 World,https://api.omh.app/store/picture/534e97ea-8377-436b-b984-75a5fe1e9bd3
https://api.omh.app/store/picture/56ce726a-f822-4400-a683-bb4091ea3b8a,PH1 World,https://api.omh.app/store/picture/534e97ea-8377-436b-b984-75a5fe1e9bd3
https://api.omh.app/store/picture/a3ccb6bb-0b04-4cca-8ed4-09691f9182a2,PH1 World,https://api.omh.app/store/picture/534e97ea-8377-436b-b984-75a5fe1e9bd3
https://api.omh.app/store/picture/103c7be5-d2cc-4797-8108-604058747120,PH1 World,https://api.omh.app/store/picture/534e97ea-8377-436b-b984-75a5fe1e9bd3
https://api.omh.app/store/picture/1b2383ed-01ca-4d61-99d4-2d50ea47abe1,PH1 World,https://api.omh.app/store/picture/534e97ea-8377-436b-b984-75a5fe1e9bd3
https://api.omh.app/store/picture/ae80ecfc-7737-44f5-ace3-47396facabe2,PH1 World,https://api.omh.app/store/picture/534e97ea-8377-436b-b984-75a5fe1e9bd3
https://api.omh.app/store/picture/ab1853e5-bf9d-4fe5-b5d3-4f7bb59d4d8d,PH1 World,https://api.omh.app/store/picture/534e97ea-8377-436b-b984-75a5fe1e9bd3
https://api.omh.app/store/picture/973cd21e-fa7f-48e3-ab42-de6f720ec09e,PH1 World,https://api.omh.app/store/picture/534e97ea-8377-436b-b984-75a5fe1e9bd3
https://api.omh.app/store/picture/46e1401d-7006-49f1-9ca4-a255d4fd60fb,Norheast Land Development Inc.,https://api.omh.app/store/picture/f190c47c-b83b-4a1e-9c6f-e9a5fef7082d
https://api.omh.app/store/picture/ef413099-df63-441b-aeb7-774c3a3d8e7e,Norheast Land Development Inc.,https://api.omh.app/store/picture/f190c47c-b83b-4a1e-9c6f-e9a5fef7082d
https://api.omh.app/store/picture/2ab0d538-578f-4ee7-95a3-2afbb8df4a6f,Norheast Land Development Inc.,https://api.omh.app/store/picture/f190c47c-b83b-4a1e-9c6f-e9a5fef7082d
https://api.omh.app/store/picture/517cf197-82f3-4eb1-bd60-7acd69136af8,Norheast Land Development Inc.,https://api.omh.app/store/picture/f190c47c-b83b-4a1e-9c6f-e9a5fef7082d
https://api.omh.app/store/picture/333b8b38-2960-4e56-9546-7d0da82523c0,Norheast Land Development Inc.,https://api.omh.app/store/picture/f190c47c-b83b-4a1e-9c6f-e9a5fef7082d
https://api.omh.app/store/picture/ee65c9ca-0be6-408b-803e-a50adfbce1c7,Norheast Land Development Inc.,https://api.omh.app/store/picture/f190c47c-b83b-4a1e-9c6f-e9a5fef7082d
https://api.omh.app/store/picture/ea13e8d3-20dd-4a9a-8f90-8af483d67d63,Norheast Land Development Inc.,https://api.omh.app/store/picture/f190c47c-b83b-4a1e-9c6f-e9a5fef7082d
https://api.omh.app/store/picture/57778c1f-a049-4542-a592-211f942ff4fa,Norheast Land Development Inc.,https://api.omh.app/store/picture/f190c47c-b83b-4a1e-9c6f-e9a5fef7082d
https://api.omh.app/store/picture/e7f7d018-0c52-483d-b877-05af7863e6e6,Norheast Land Development Inc.,https://api.omh.app/store/picture/f190c47c-b83b-4a1e-9c6f-e9a5fef7082d
https://api.omh.app/store/picture/c249a211-cdbc-4279-ba3b-6ee6e85ab739,CLS Properties Inc.,https://api.omh.app/store/picture/483a29fe-47eb-43ac-9ff9-30d69e2e1512
https://api.omh.app/store/picture/5ef6829a-9499-44c7-b192-2b86642751db,CLS Properties Inc.,https://api.omh.app/store/picture/483a29fe-47eb-43ac-9ff9-30d69e2e1512
https://api.omh.app/store/picture/9676d423-b8bd-4a0b-b9eb-28c38dfb8754,CLS Properties Inc.,https://api.omh.app/store/picture/483a29fe-47eb-43ac-9ff9-30d69e2e1512
https://api.omh.app/store/picture/6c0af945-a62e-4c83-b9d7-deed8b2b22f9,CLS Properties Inc.,https://api.omh.app/store/picture/483a29fe-47eb-43ac-9ff9-30d69e2e1512
https://api.omh.app/store/picture/27fce6bc-103c-4d4b-96a3-fe7dc5781167,CLS Properties Inc.,https://api.omh.app/store/picture/483a29fe-47eb-43ac-9ff9-30d69e2e1512
https://api.omh.app/store/picture/3d88f599-20b1-4136-9f31-84c0e16566ea,CLS Properties Inc.,https://api.omh.app/store/picture/483a29fe-47eb-43ac-9ff9-30d69e2e1512
https://api.omh.app/store/picture/2578b0ef-e031-4bfc-8abf-bd1e9f5ee539,CLS Properties Inc.,https://api.omh.app/store/picture/483a29fe-47eb-43ac-9ff9-30d69e2e1512
https://api.omh.app/store/picture/e659b6eb-67db-465d-a66e-a40738111c11,CLS Properties Inc.,https://api.omh.app/store/picture/483a29fe-47eb-43ac-9ff9-30d69e2e1512
https://api.omh.app/store/picture/f66e9e49-7f7b-4ea5-967e-b3522933546e,CLS Properties Inc.,https://api.omh.app/store/picture/483a29fe-47eb-43ac-9ff9-30d69e2e1512
https://api.omh.app/store/picture/9ee79c55-c193-4cf7-a8df-17de6178e40f,CLS Properties Inc.,https://api.omh.app/store/picture/483a29fe-47eb-43ac-9ff9-30d69e2e1512
https://api.omh.app/store/picture/6d5580e6-ed95-45b8-abb4-ab286e3b48a8,CLS Properties Inc.,https://api.omh.app/store/picture/483a29fe-47eb-43ac-9ff9-30d69e2e1512
https://api.omh.app/store/picture/eeb97bab-0567-4f12-8fb0-12b3a0d82347,CLS Properties Inc.,https://api.omh.app/store/picture/483a29fe-47eb-43ac-9ff9-30d69e2e1512
https://api.omh.app/store/picture/d7c815d0-6410-462c-8840-2acfed972c08,CLS Properties Inc.,https://api.omh.app/store/picture/483a29fe-47eb-43ac-9ff9-30d69e2e1512
https://api.omh.app/store/picture/cf9ae3f1-7346-43d4-b78a-633795db9bd3,CLS Properties Inc.,https://api.omh.app/store/picture/483a29fe-47eb-43ac-9ff9-30d69e2e1512
https://api.omh.app/store/picture/e5342467-2026-4b5d-b767-701aa7e73e50,CLS Properties Inc.,https://api.omh.app/store/picture/483a29fe-47eb-43ac-9ff9-30d69e2e1512
https://api.omh.app/store/picture/15df012f-8610-438b-9788-84bb17d9f4e5,CLS Properties Inc.,https://api.omh.app/store/picture/483a29fe-47eb-43ac-9ff9-30d69e2e1512
https://api.omh.app/store/picture/f372aed2-5a18-4a15-914a-fa16c12b74e6,"Antonio Y De Pio National Hwy, Balamban, Cebu, 6041",https://api.omh.app/store/picture/483a29fe-47eb-43ac-9ff9-30d69e2e1512
https://api.omh.app/store/picture/c5c9b22f-910a-4b24-a703-a94e11644520,"Antonio Y De Pio National Hwy, Balamban, Cebu, 6041",https://api.omh.app/store/picture/483a29fe-47eb-43ac-9ff9-30d69e2e1512
https://api.omh.app/store/picture/6fdc9f55-1eae-4fa8-8a37-1d8e5dfab463,"Antonio Y De Pio National Hwy, Balamban, Cebu, 6041",https://api.omh.app/store/picture/483a29fe-47eb-43ac-9ff9-30d69e2e1512
https://api.omh.app/store/picture/955ee6e3-4129-40d3-9e27-04ccb599a500,"Antonio Y De Pio National Hwy, Balamban, Cebu, 6041",https://api.omh.app/store/picture/483a29fe-47eb-43ac-9ff9-30d69e2e1512
https://api.omh.app/store/picture/e4c98355-32b4-40ef-b67b-8ce36c49083a,"A Brown Company, Inc.",https://api.omh.app/store/picture/c788660f-e94f-4a6c-816a-f8d41b0ad9f8
https://api.omh.app/store/picture/29875869-53ba-4e43-b8ce-92df53a047b6,"A Brown Company, Inc.",https://api.omh.app/store/picture/c788660f-e94f-4a6c-816a-f8d41b0ad9f8
https://api.omh.app/store/picture/c06d25c1-8c2e-4032-aecc-0218fcc247fc,"A Brown Company, Inc.",https://api.omh.app/store/picture/c788660f-e94f-4a6c-816a-f8d41b0ad9f8
https://api.omh.app/store/picture/15fde3a6-20a6-4bfd-a410-2e0907eb0239,"A Brown Company, Inc.",https://api.omh.app/store/picture/c788660f-e94f-4a6c-816a-f8d41b0ad9f8
https://api.omh.app/store/picture/8a93adff-2efc-4ffb-8a48-64b9e6089191,"A Brown Company, Inc.",https://api.omh.app/store/picture/c788660f-e94f-4a6c-816a-f8d41b0ad9f8
https://api.omh.app/store/picture/2d391220-19fa-47bb-a541-ecc6447b761e,"A Brown Company, Inc.",https://api.omh.app/store/picture/c788660f-e94f-4a6c-816a-f8d41b0ad9f8
https://api.omh.app/store/picture/8ad94102-9ff7-44e4-81d8-c92de7637bd0,"A Brown Company, Inc.",https://api.omh.app/store/picture/c788660f-e94f-4a6c-816a-f8d41b0ad9f8
https://api.omh.app/store/picture/2b9d030b-2f6c-4713-b831-d961669455a9,"A Brown Company, Inc.",https://api.omh.app/store/picture/c788660f-e94f-4a6c-816a-f8d41b0ad9f8
https://api.omh.app/store/picture/df1ee47a-3e15-44e0-acc9-756377907789,"A Brown Company, Inc.",https://api.omh.app/store/picture/c788660f-e94f-4a6c-816a-f8d41b0ad9f8
https://api.omh.app/store/picture/9542611b-2a5a-4029-9f51-f0907b135f8e,"A Brown Company, Inc.",https://api.omh.app/store/picture/c788660f-e94f-4a6c-816a-f8d41b0ad9f8
https://api.omh.app/store/picture/54ec70e3-3c6f-43a9-a14e-f26237cb3533,"A Brown Company, Inc.",https://api.omh.app/store/picture/c788660f-e94f-4a6c-816a-f8d41b0ad9f8
https://api.omh.app/store/picture/e4844548-ac10-4380-9dec-17821e80a2d6,"A Brown Company, Inc.",https://api.omh.app/store/picture/c788660f-e94f-4a6c-816a-f8d41b0ad9f8
https://api.omh.app/store/picture/2d417e88-2026-426a-89f0-6ff7e0b3a08c,"A Brown Company, Inc.",https://api.omh.app/store/picture/c788660f-e94f-4a6c-816a-f8d41b0ad9f8
https://api.omh.app/store/picture/e229756d-61e2-426b-b43c-33158052fe48,"A Brown Company, Inc.",https://api.omh.app/store/picture/c788660f-e94f-4a6c-816a-f8d41b0ad9f8
https://api.omh.app/store/picture/01b0bb12-d294-42fa-b331-626b8d12aae9,"A Brown Company, Inc.",https://api.omh.app/store/picture/c788660f-e94f-4a6c-816a-f8d41b0ad9f8
https://api.omh.app/store/picture/dafe2977-0c93-4815-af1c-4ffe516b0189,"A Brown Company, Inc.",https://api.omh.app/store/picture/c788660f-e94f-4a6c-816a-f8d41b0ad9f8
https://api.omh.app/store/picture/16049bb8-3625-41e0-b810-93aaec01d3a0,"A Brown Company, Inc.",https://api.omh.app/store/picture/c788660f-e94f-4a6c-816a-f8d41b0ad9f8
https://api.omh.app/store/picture/55794660-2367-4535-8787-40f303ebafd5,"A Brown Company, Inc.",https://api.omh.app/store/picture/c788660f-e94f-4a6c-816a-f8d41b0ad9f8
https://api.omh.app/store/picture/cf14174d-28cd-46bf-8616-ea5a22e0541f,"A Brown Company, Inc.",https://api.omh.app/store/picture/c788660f-e94f-4a6c-816a-f8d41b0ad9f8
https://api.omh.app/store/picture/97f01fba-9561-4404-8ef5-0e9dfb00b101,"A Brown Company, Inc.",https://api.omh.app/store/picture/c788660f-e94f-4a6c-816a-f8d41b0ad9f8
https://api.omh.app/store/picture/b793fe22-7b32-4626-be6f-fb707372552d,"A Brown Company, Inc.",https://api.omh.app/store/picture/c788660f-e94f-4a6c-816a-f8d41b0ad9f8
https://api.omh.app/store/picture/15664547-b60f-408d-b77c-4ae34f2fa68f,"A Brown Company, Inc.",https://api.omh.app/store/picture/c788660f-e94f-4a6c-816a-f8d41b0ad9f8
https://api.omh.app/store/picture/7b425b3f-f86c-41cd-a36d-dbeebf8de75a,"A Brown Company, Inc.",https://api.omh.app/store/picture/c788660f-e94f-4a6c-816a-f8d41b0ad9f8
https://api.omh.app/store/picture/74473dba-85c9-422a-80fd-089810c8c443,"A Brown Company, Inc.",https://api.omh.app/store/picture/c788660f-e94f-4a6c-816a-f8d41b0ad9f8
https://api.omh.app/store/picture/315b1204-8a84-44a8-a3e3-5a0c22bfc4f3,"A Brown Company, Inc.",https://api.omh.app/store/picture/c788660f-e94f-4a6c-816a-f8d41b0ad9f8
https://api.omh.app/store/picture/0916b9e8-0e9f-4d4a-b8c4-622cd42f3e53,"A Brown Company, Inc.",https://api.omh.app/store/picture/c788660f-e94f-4a6c-816a-f8d41b0ad9f8
https://api.omh.app/store/picture/54c5c30d-c457-4897-b963-4c0babb1cb0e,"A Brown Company, Inc.",https://api.omh.app/store/picture/c788660f-e94f-4a6c-816a-f8d41b0ad9f8
https://api.omh.app/store/picture/faaed14d-3627-428e-a95f-3b2b4fb25430,"A Brown Company, Inc.",https://api.omh.app/store/picture/c788660f-e94f-4a6c-816a-f8d41b0ad9f8
https://api.omh.app/store/picture/866f495d-5a77-441e-9e86-1f0725345892,"A Brown Company, Inc.",https://api.omh.app/store/picture/c788660f-e94f-4a6c-816a-f8d41b0ad9f8
https://api.omh.app/store/picture/414dca7b-24bb-40f5-8ccb-558ad0e3523f,"A Brown Company, Inc.",https://api.omh.app/store/picture/c788660f-e94f-4a6c-816a-f8d41b0ad9f8
https://api.omh.app/store/picture/f470cf98-3123-4ea7-8ef4-e5cbfb563c68,Amaia Land Corp.,https://api.omh.app/store/picture/0c7e53a0-ed4d-45ff-9a2b-a6b5a24831ac
https://api.omh.app/store/picture/d1095895-25d8-496c-9f66-7b603255587c,Amaia Land Corp.,https://api.omh.app/store/picture/0c7e53a0-ed4d-45ff-9a2b-a6b5a24831ac
https://api.omh.app/store/picture/f5ab7096-a455-41af-bb42-0474c412b085,Amaia Land Corp.,https://api.omh.app/store/picture/0c7e53a0-ed4d-45ff-9a2b-a6b5a24831ac
https://api.omh.app/store/picture/86b49bf3-1f1d-4764-91b1-fab0b9aa9b55,Amaia Land Corp.,https://api.omh.app/store/picture/0c7e53a0-ed4d-45ff-9a2b-a6b5a24831ac
https://api.omh.app/store/picture/ff2703ea-1a17-4e9d-a080-1edf9876a3f4,Amaia Land Corp.,https://api.omh.app/store/picture/0c7e53a0-ed4d-45ff-9a2b-a6b5a24831ac
https://api.omh.app/store/picture/d447cb65-3725-47a0-9109-119ddd3fd569,Amaia Land Corp.,https://api.omh.app/store/picture/0c7e53a0-ed4d-45ff-9a2b-a6b5a24831ac
https://api.omh.app/store/picture/878cf1a9-8d48-47ff-ae75-12763f7e48a2,Amaia Land Corp.,https://api.omh.app/store/picture/0c7e53a0-ed4d-45ff-9a2b-a6b5a24831ac
https://api.omh.app/store/picture/53ee74d7-fe04-40cb-bd58-c856df24fb2f,Amaia Land Corp.,https://api.omh.app/store/picture/0c7e53a0-ed4d-45ff-9a2b-a6b5a24831ac
https://api.omh.app/store/picture/4e36ee49-8e6d-4adf-b830-551666a3b53a,Amaia Land Corp.,https://api.omh.app/store/picture/0c7e53a0-ed4d-45ff-9a2b-a6b5a24831ac
https://api.omh.app/store/picture/01e4ec79-9ead-4e57-b781-1d01ef3315d4,Amaia Land Corp.,https://api.omh.app/store/picture/0c7e53a0-ed4d-45ff-9a2b-a6b5a24831ac
https://api.omh.app/store/picture/49a79827-93b2-46ba-8979-63c1451d2608,Amaia Land Corp.,https://api.omh.app/store/picture/0c7e53a0-ed4d-45ff-9a2b-a6b5a24831ac
https://api.omh.app/store/picture/9119f5aa-ce7c-4676-affc-97e36a5fa6d7,Amaia Land Corp.,https://api.omh.app/store/picture/0c7e53a0-ed4d-45ff-9a2b-a6b5a24831ac
https://api.omh.app/store/picture/e65c500a-a2c1-488b-975f-06c2afbe1ca4,Amaia Land Corp.,https://api.omh.app/store/picture/0c7e53a0-ed4d-45ff-9a2b-a6b5a24831ac
https://api.omh.app/store/picture/42b695f2-3501-4de8-84ac-fdb44f6a3edb,Amaia Land Corp.,https://api.omh.app/store/picture/0c7e53a0-ed4d-45ff-9a2b-a6b5a24831ac
https://api.omh.app/store/picture/d7963fd0-fdd2-40f1-8b6c-2ebbe867eddb,Greentech Development Corporation,https://api.omh.app/store/picture/e185802a-3d49-4594-b355-b74720214dc0
https://api.omh.app/store/picture/3c7370aa-7843-41bb-a1e1-ab2ef981b8c0,Greentech Development Corporation,https://api.omh.app/store/picture/e185802a-3d49-4594-b355-b74720214dc0
https://api.omh.app/store/picture/2807f910-b20e-408d-84d3-e41654c77fe5,Greentech Development Corporation,https://api.omh.app/store/picture/e185802a-3d49-4594-b355-b74720214dc0
https://api.omh.app/store/picture/3a031dff-7639-4203-905c-b72d14ec121e,Greentech Development Corporation,https://api.omh.app/store/picture/e185802a-3d49-4594-b355-b74720214dc0
https://api.omh.app/store/picture/9c52fdb0-7429-4cc8-add5-e778dff87b19,Greentech Development Corporation,https://api.omh.app/store/picture/e185802a-3d49-4594-b355-b74720214dc0
https://api.omh.app/store/picture/b8552dcc-513d-4a2c-a549-cb2fe639cb14,Greentech Development Corporation,https://api.omh.app/store/picture/e185802a-3d49-4594-b355-b74720214dc0
https://api.omh.app/store/picture/9f868031-5589-42a1-b664-910efea902e9,Victor Consunji Development Corporation,https://api.omh.app/store/picture/5ab87d7a-6a31-48d6-ad4f-81da6aa21e58
https://api.omh.app/store/picture/0fbd2a50-4224-4b66-a0cb-2298ad2d1e40,Victor Consunji Development Corporation,https://api.omh.app/store/picture/5ab87d7a-6a31-48d6-ad4f-81da6aa21e58
https://api.omh.app/store/picture/4976d94a-04b6-413b-a577-3cadba9eceef,Victor Consunji Development Corporation,https://api.omh.app/store/picture/5ab87d7a-6a31-48d6-ad4f-81da6aa21e58
https://api.omh.app/store/picture/647dd91b-aaa3-4d89-8944-c323a12137a9,Victor Consunji Development Corporation,https://api.omh.app/store/picture/5ab87d7a-6a31-48d6-ad4f-81da6aa21e58
https://api.omh.app/store/picture/0099f9cd-40cc-4ed8-af54-252e554c83ac,Victor Consunji Development Corporation,https://api.omh.app/store/picture/5ab87d7a-6a31-48d6-ad4f-81da6aa21e58
https://api.omh.app/store/picture/342be0ce-361b-4c97-91fd-3c61ec2dc71e,Victor Consunji Development Corporation,https://api.omh.app/store/picture/5ab87d7a-6a31-48d6-ad4f-81da6aa21e58
https://api.omh.app/store/picture/bafc7e9e-eafc-44cb-8db2-a44fea534b4a,Victor Consunji Development Corporation,https://api.omh.app/store/picture/5ab87d7a-6a31-48d6-ad4f-81da6aa21e58
https://api.omh.app/store/picture/20108145-f01f-4dd5-9ab2-0afde6f8e5ac,Victor Consunji Development Corporation,https://api.omh.app/store/picture/5ab87d7a-6a31-48d6-ad4f-81da6aa21e58
https://api.omh.app/store/picture/996eaeed-8fc5-4256-aadb-7abeea3e9388,Victor Consunji Development Corporation,https://api.omh.app/store/picture/5ab87d7a-6a31-48d6-ad4f-81da6aa21e58
https://api.omh.app/store/picture/88ecbf72-9f9e-4888-827e-a7d3913933fa,Victor Consunji Development Corporation,https://api.omh.app/store/picture/5ab87d7a-6a31-48d6-ad4f-81da6aa21e58
https://api.omh.app/store/picture/6221e038-58eb-465a-8cbc-09827f9867d4,Victor Consunji Development Corporation,https://api.omh.app/store/picture/5ab87d7a-6a31-48d6-ad4f-81da6aa21e58
https://api.omh.app/store/picture/bd012143-c044-4c07-9edc-4baaae22707c,Victor Consunji Development Corporation,https://api.omh.app/store/picture/5ab87d7a-6a31-48d6-ad4f-81da6aa21e58
https://api.omh.app/store/picture/e375452b-3946-4b6a-9636-6026e7814ed2,Victor Consunji Development Corporation,https://api.omh.app/store/picture/5ab87d7a-6a31-48d6-ad4f-81da6aa21e58
https://api.omh.app/store/picture/e3575e28-5fef-4590-8db9-1d93dacd4dca,Victor Consunji Development Corporation,https://api.omh.app/store/picture/5ab87d7a-6a31-48d6-ad4f-81da6aa21e58
https://api.omh.app/store/picture/c2bdbb03-1692-4bca-bcbb-a0ba7eee7c3b,Victor Consunji Development Corporation,https://api.omh.app/store/picture/5ab87d7a-6a31-48d6-ad4f-81da6aa21e58
https://api.omh.app/store/picture/58e82bed-1974-4587-9500-9c5d25dd520d,Victor Consunji Development Corporation,https://api.omh.app/store/picture/5ab87d7a-6a31-48d6-ad4f-81da6aa21e58
https://api.omh.app/store/picture/d117c799-c2b7-46a7-bc5e-9b9862802d72,Victor Consunji Development Corporation,https://api.omh.app/store/picture/5ab87d7a-6a31-48d6-ad4f-81da6aa21e58
https://api.omh.app/store/picture/ea7f7c3c-0725-40d0-8b28-1afada27474d,"Red Oak Properties, Inc",https://api.omh.app/store/picture/1f76298f-8c73-406b-9fee-f87ee885fe34
https://api.omh.app/store/picture/a32c7e2f-1dfc-4720-9918-416785658ba0,"Red Oak Properties, Inc",https://api.omh.app/store/picture/1f76298f-8c73-406b-9fee-f87ee885fe34
https://api.omh.app/store/picture/378a48d9-8325-4ced-a9d9-2922551c29eb,"Red Oak Properties, Inc",https://api.omh.app/store/picture/1f76298f-8c73-406b-9fee-f87ee885fe34
https://api.omh.app/store/picture/a1b6613c-a37d-4918-beff-cab0f13ce78f,"Red Oak Properties, Inc",https://api.omh.app/store/picture/1f76298f-8c73-406b-9fee-f87ee885fe34
https://api.omh.app/store/picture/f1237c33-4377-4963-9006-e156e63a4517,"Red Oak Properties, Inc",https://api.omh.app/store/picture/1f76298f-8c73-406b-9fee-f87ee885fe34
https://api.omh.app/store/picture/a392b273-68c4-4cd8-994d-8d86ac13cf98,"Red Oak Properties, Inc",https://api.omh.app/store/picture/1f76298f-8c73-406b-9fee-f87ee885fe34
https://api.omh.app/store/picture/b95a5a7f-acfe-49ee-a684-86f1d30c50bb,"Red Oak Properties, Inc",https://api.omh.app/store/picture/1f76298f-8c73-406b-9fee-f87ee885fe34
https://api.omh.app/store/picture/830caa21-677f-4cd9-97cc-3e58b65797f4,"Red Oak Properties, Inc",https://api.omh.app/store/picture/1f76298f-8c73-406b-9fee-f87ee885fe34
https://api.omh.app/store/picture/f17f1d7b-deef-4728-a743-6583c88f608e,"Red Oak Properties, Inc",https://api.omh.app/store/picture/1f76298f-8c73-406b-9fee-f87ee885fe34
https://api.omh.app/store/picture/24e7adb3-8dca-4142-b1a3-1ca73186f037,"Red Oak Properties, Inc",https://api.omh.app/store/picture/1f76298f-8c73-406b-9fee-f87ee885fe34
https://api.omh.app/store/picture/b9bcf727-e079-4e3e-915b-c92045e47397,"Red Oak Properties, Inc",https://api.omh.app/store/picture/1f76298f-8c73-406b-9fee-f87ee885fe34
https://api.omh.app/store/picture/a0210cd0-6fe5-48c1-bc80-ac80be98e476,"Red Oak Properties, Inc",https://api.omh.app/store/picture/1f76298f-8c73-406b-9fee-f87ee885fe34
https://api.omh.app/store/picture/74f01878-c00d-481e-a2c5-55fbc60f4b2c,"Red Oak Properties, Inc",https://api.omh.app/store/picture/1f76298f-8c73-406b-9fee-f87ee885fe34
https://api.omh.app/store/picture/9202fafd-d64c-41d7-bca0-352eec1eca61,"Red Oak Properties, Inc",https://api.omh.app/store/picture/1f76298f-8c73-406b-9fee-f87ee885fe34
https://api.omh.app/store/picture/a831c582-6f01-45ad-83e9-eaf3e8dab324,"Red Oak Properties, Inc",https://api.omh.app/store/picture/1f76298f-8c73-406b-9fee-f87ee885fe34
https://api.omh.app/store/picture/b95a5a7f-acfe-49ee-a684-86f1d30c50bb,"Red Oak Properties, Inc",https://api.omh.app/store/picture/1f76298f-8c73-406b-9fee-f87ee885fe34
https://api.omh.app/store/picture/830caa21-677f-4cd9-97cc-3e58b65797f4,"Red Oak Properties, Inc",https://api.omh.app/store/picture/1f76298f-8c73-406b-9fee-f87ee885fe34
https://api.omh.app/store/picture/f17f1d7b-deef-4728-a743-6583c88f608e,"Red Oak Properties, Inc",https://api.omh.app/store/picture/1f76298f-8c73-406b-9fee-f87ee885fe34
https://api.omh.app/store/picture/24e7adb3-8dca-4142-b1a3-1ca73186f037,"Red Oak Properties, Inc",https://api.omh.app/store/picture/1f76298f-8c73-406b-9fee-f87ee885fe34
https://api.omh.app/store/picture/b9bcf727-e079-4e3e-915b-c92045e47397,"Red Oak Properties, Inc",https://api.omh.app/store/picture/1f76298f-8c73-406b-9fee-f87ee885fe34
https://api.omh.app/store/picture/a0210cd0-6fe5-48c1-bc80-ac80be98e476,"Red Oak Properties, Inc",https://api.omh.app/store/picture/1f76298f-8c73-406b-9fee-f87ee885fe34
https://api.omh.app/store/picture/74f01878-c00d-481e-a2c5-55fbc60f4b2c,"Red Oak Properties, Inc",https://api.omh.app/store/picture/1f76298f-8c73-406b-9fee-f87ee885fe34
https://api.omh.app/store/picture/9202fafd-d64c-41d7-bca0-352eec1eca61,"Red Oak Properties, Inc",https://api.omh.app/store/picture/1f76298f-8c73-406b-9fee-f87ee885fe34
https://api.omh.app/store/picture/a831c582-6f01-45ad-83e9-eaf3e8dab324,"Red Oak Properties, Inc",https://api.omh.app/store/picture/1f76298f-8c73-406b-9fee-f87ee885fe34
https://api.omh.app/store/picture/3abbd29c-eb4e-47c5-adfa-2d6a77debb11,"Red Oak Properties, Inc",https://api.omh.app/store/picture/1f76298f-8c73-406b-9fee-f87ee885fe34
https://api.omh.app/store/picture/3c011e93-aed2-451f-bdde-ae8440975e28,"Red Oak Properties, Inc",https://api.omh.app/store/picture/1f76298f-8c73-406b-9fee-f87ee885fe34
https://api.omh.app/store/picture/0e316079-e0cd-4510-bc55-134e9b473f7e,"Red Oak Properties, Inc",https://api.omh.app/store/picture/1f76298f-8c73-406b-9fee-f87ee885fe34
https://api.omh.app/store/picture/45dda1fe-b402-460d-9d6b-be3c65dc70ce,"Red Oak Properties, Inc",https://api.omh.app/store/picture/1f76298f-8c73-406b-9fee-f87ee885fe34
https://api.omh.app/store/picture/2c20c916-2814-413b-ba32-ba493a1b2d07,"Red Oak Properties, Inc",https://api.omh.app/store/picture/1f76298f-8c73-406b-9fee-f87ee885fe34
https://api.omh.app/store/picture/766aecae-08a8-4f80-9556-70b917883fec,"Red Oak Properties, Inc",https://api.omh.app/store/picture/1f76298f-8c73-406b-9fee-f87ee885fe34
https://api.omh.app/store/picture/b451f002-1ec1-4d2d-8b2d-529ce942df8a,Calmar Land,https://api.omh.app/store/picture/f9e8ce52-eb78-49ad-9802-5a58a6580b42
https://api.omh.app/store/picture/e5667a3c-1260-48bd-900e-c6d4ad1c91d1,Calmar Land,https://api.omh.app/store/picture/f9e8ce52-eb78-49ad-9802-5a58a6580b42
https://api.omh.app/store/picture/86ff4155-07d3-41e6-ae5d-35e82d298271,Calmar Land,https://api.omh.app/store/picture/f9e8ce52-eb78-49ad-9802-5a58a6580b42
https://api.omh.app/store/picture/f8614136-f05c-4cac-bf86-bfb1453437a0,SP Land Inc.,https://api.omh.app/store/picture/ff39fad9-3022-46fd-a22e-da57120d087b
https://api.omh.app/store/picture/3a92bce2-fd4e-41da-9c6e-73fc7a600292,SP Land Inc.,https://api.omh.app/store/picture/ff39fad9-3022-46fd-a22e-da57120d087b
https://api.omh.app/store/picture/75dff58f-2942-43f3-93e3-0aae60e487b6,SP Land Inc.,https://api.omh.app/store/picture/ff39fad9-3022-46fd-a22e-da57120d087b
https://api.omh.app/store/picture/9dbee5e4-ae22-429b-b9b1-36b323d1d21b,SP Land Inc.,https://api.omh.app/store/picture/ff39fad9-3022-46fd-a22e-da57120d087b
https://api.omh.app/store/picture/20fc8f4a-a574-49d7-8f76-e4182182ec89,SP Land Inc.,https://api.omh.app/store/picture/ff39fad9-3022-46fd-a22e-da57120d087b
https://api.omh.app/store/picture/eb3e6497-bc83-4928-abfd-39d38e33bc38,SP Land Inc.,https://api.omh.app/store/picture/ff39fad9-3022-46fd-a22e-da57120d087b
https://api.omh.app/store/picture/ded08ba9-59d5-425b-9e95-937c197e2b34,SP Land Inc.,https://api.omh.app/store/picture/ff39fad9-3022-46fd-a22e-da57120d087b
https://api.omh.app/store/picture/135e8b3e-6f94-4b7c-866f-521b5e445283,SP Land Inc.,https://api.omh.app/store/picture/ff39fad9-3022-46fd-a22e-da57120d087b
